Sale_id,Date,Product_Name,Size,Quantity,Original_Price_Online,Original_Price_Offline,Discount_Online,Applied_Price,Order_Channel,Actual_Selling_Price,Revenue,Staff_id,Year,Month,Quarter,Day,Year_Month,Year_Quarter
S0001,2022-06-01,Cappuccino,L,4,75000,49000,7,49000,Offline,49000,196000,NV42,2022,6,2,1,2022-06,2022-Q2
S0002,2022-06-23,Mocha,S,5,59000,39000,10,53100,Online,53100,265500,NV34,2022,6,2,23,2022-06,2022-Q2
S0003,2023-08-28,Iced Black Coffee,L,5,69000,65000,13,65000,Offline,65000,325000,NV11,2023,8,3,28,2023-08,2023-Q3
S0004,2023-10-12,Caramel Phin Freeze,S,2,49000,49000,9,49000,Offline,49000,98000,NV45,2023,10,4,12,2023-10,2023-Q4
S0005,2023-04-01,Cookies & Cream,S,4,49000,69000,5,46550,Online,46550,186200,NV37,2023,4,2,1,2023-04,2023-Q2
S0006,2023-10-10,Latte,M,5,65000,65000,12,57200,Online,57200,286000,NV19,2023,10,4,10,2023-10,2023-Q4
S0007,2022-11-12,Americano,S,2,39000,55000,10,35100,Online,35100,70200,NV11,2022,11,4,12,2022-11,2022-Q4
S0008,2023-11-10,Americano,M,4,65000,29000,11,29000,Offline,29000,116000,NV45,2023,11,4,10,2023-11,2023-Q4
S0009,2022-05-18,Caramel Phin Freeze,L,5,59000,59000,5,59000,Offline,59000,295000,NV28,2022,5,2,18,2022-05,2022-Q2
S0010,2022-12-19,Cookies & Cream,S,4,59000,75000,6,75000,Offline,75000,300000,NV39,2022,12,4,19,2022-12,2022-Q4
S0011,2022-11-28,Mocha,M,5,59000,59000,15,50150,Online,50150,250750,NV8,2022,11,4,28,2022-11,2022-Q4
S0012,2023-05-28,Cookies & Cream,L,2,59000,75000,6,75000,Offline,75000,150000,NV45,2023,5,2,28,2023-05,2023-Q2
S0013,2021-03-21,Latte,L,3,49000,65000,6,65000,Offline,65000,195000,NV46,2021,3,1,21,2021-03,2021-Q1
S0014,2021-08-11,Cappuccino,M,5,59000,49000,14,49000,Offline,49000,245000,NV47,2021,8,3,11,2021-08,2021-Q3
S0015,2021-04-20,Americano,M,3,59000,65000,15,65000,Offline,65000,195000,NV2,2021,4,2,20,2021-04,2021-Q2
S0016,2023-03-23,Iced Black Coffee,M,5,59000,65000,14,50740,Online,50740,253700,NV11,2023,3,1,23,2023-03,2023-Q1
S0017,2022-04-10,Classic Phin Freeze,S,5,55000,55000,6,55000,Offline,55000,275000,NV34,2022,4,2,10,2022-04,2022-Q2
S0018,2021-12-10,Cookies & Cream,M,1,69000,59000,13,60030,Online,60030,60030,NV25,2021,12,4,10,2021-12,2021-Q4
S0019,2022-11-21,Mocha,M,1,59000,49000,8,49000,Offline,49000,49000,NV4,2022,11,4,21,2022-11,2022-Q4
S0020,2021-02-17,Cookies & Cream,S,4,65000,65000,11,57850,Online,57850,231400,NV30,2021,2,1,17,2021-02,2021-Q1
S0021,2021-06-11,Classic Phin Freeze,S,3,59000,49000,12,51920,Online,51920,155760,NV43,2021,6,2,11,2021-06,2021-Q2
S0022,2023-11-21,Classic Phin Freeze,M,4,75000,65000,8,69000,Online,69000,276000,NV26,2023,11,4,21,2023-11,2023-Q4
S0023,2023-01-28,Classic Phin Freeze,S,3,49000,65000,7,65000,Offline,65000,195000,NV44,2023,1,1,28,2023-01,2023-Q1
S0024,2022-12-02,Caramel Phin Freeze,L,5,59000,65000,14,65000,Offline,65000,325000,NV30,2022,12,4,2,2022-12,2022-Q4
S0025,2022-10-21,Caramel Phin Freeze,S,4,39000,69000,5,37050,Online,37050,148200,NV34,2022,10,4,21,2022-10,2022-Q4
S0026,2024-01-01,Americano,M,2,45000,59000,15,38250,Online,38250,76500,NV11,2024,1,1,1,2024-01,2024-Q1
S0027,2021-06-04,Cappuccino,S,4,55000,55000,10,49500,Online,49500,198000,NV15,2021,6,2,4,2021-06,2021-Q2
S0028,2021-12-18,Latte,M,5,39000,45000,5,45000,Offline,45000,225000,NV41,2021,12,4,18,2021-12,2021-Q4
S0029,2022-08-24,Classic Phin Freeze,M,2,35000,49000,6,49000,Offline,49000,98000,NV7,2022,8,3,24,2022-08,2022-Q3
S0030,2021-08-01,Cappuccino,M,1,49000,59000,11,43610,Online,43610,43610,NV16,2021,8,3,1,2021-08,2021-Q3
S0031,2021-01-14,Cappuccino,S,1,49000,59000,10,44100,Online,44100,44100,NV4,2021,1,1,14,2021-01,2021-Q1
S0032,2023-05-04,Iced Black Coffee,M,4,49000,55000,8,55000,Offline,55000,220000,NV20,2023,5,2,4,2023-05,2023-Q2
S0033,2021-12-23,Chocolate Freeze,M,3,59000,55000,7,54870,Online,54870,164610,NV29,2021,12,4,23,2021-12,2021-Q4
S0034,2021-09-12,Classic Phin Freeze,S,3,69000,49000,15,58650,Online,58650,175950,NV31,2021,9,3,12,2021-09,2021-Q3
S0035,2023-12-24,Latte,L,2,59000,75000,11,52510,Online,52510,105020,NV5,2023,12,4,24,2023-12,2023-Q4
S0036,2022-02-24,Green Tea Freeze,S,4,59000,59000,14,59000,Offline,59000,236000,NV48,2022,2,1,24,2022-02,2022-Q1
S0037,2022-03-09,Latte,S,1,59000,69000,14,50740,Online,50740,50740,NV50,2022,3,1,9,2022-03,2022-Q1
S0038,2021-07-15,Iced Black Coffee,M,3,35000,59000,14,59000,Offline,59000,177000,NV19,2021,7,3,15,2021-07,2021-Q3
S0039,2023-01-27,Cappuccino,S,4,65000,75000,13,56550,Online,56550,226200,NV7,2023,1,1,27,2023-01,2023-Q1
S0040,2023-02-02,Green Tea Freeze,M,3,39000,35000,11,35000,Offline,35000,105000,NV23,2023,2,1,2,2023-02,2023-Q1
S0041,2021-10-04,Cappuccino,M,4,55000,59000,6,59000,Offline,59000,236000,NV29,2021,10,4,4,2021-10,2021-Q4
S0042,2023-04-19,Iced Black Coffee,L,1,65000,59000,12,59000,Offline,59000,59000,NV35,2023,4,2,19,2023-04,2023-Q2
S0043,2021-09-29,Mocha,M,3,65000,55000,12,55000,Offline,55000,165000,NV26,2021,9,3,29,2021-09,2021-Q3
S0044,2022-06-29,Americano,M,5,39000,65000,13,65000,Offline,65000,325000,NV38,2022,6,2,29,2022-06,2022-Q2
S0045,2021-03-14,Americano,M,4,39000,59000,15,33150,Online,33150,132600,NV50,2021,3,1,14,2021-03,2021-Q1
S0046,2021-02-28,Green Tea Freeze,M,5,35000,49000,5,49000,Offline,49000,245000,NV6,2021,2,1,28,2021-02,2021-Q1
S0047,2021-08-25,Iced Black Coffee,L,2,59000,49000,13,49000,Offline,49000,98000,NV36,2021,8,3,25,2021-08,2021-Q3
S0048,2022-12-15,Chocolate Freeze,L,4,59000,29000,12,51920,Online,51920,207680,NV30,2022,12,4,15,2022-12,2022-Q4
S0049,2023-08-29,Cookies & Cream,L,2,59000,65000,5,56050,Online,56050,112100,NV13,2023,8,3,29,2023-08,2023-Q3
S0050,2021-02-07,Latte,L,2,75000,39000,6,70500,Online,70500,141000,NV1,2021,2,1,7,2021-02,2021-Q1
S0051,2021-07-09,Mocha,L,3,69000,65000,8,63480,Online,63480,190440,NV48,2021,7,3,9,2021-07,2021-Q3
S0052,2021-04-27,Iced Black Coffee,L,5,59000,65000,5,56050,Online,56050,280250,NV41,2021,4,2,27,2021-04,2021-Q2
S0053,2023-10-10,Caramel Phin Freeze,S,2,65000,49000,6,61100,Online,61100,122200,NV12,2023,10,4,10,2023-10,2023-Q4
S0054,2022-01-05,Caramel Phin Freeze,L,3,45000,69000,12,39600,Online,39600,118800,NV29,2022,1,1,5,2022-01,2022-Q1
S0055,2022-03-03,Iced Black Coffee,L,2,49000,39000,5,46550,Online,46550,93100,NV23,2022,3,1,3,2022-03,2022-Q1
S0056,2023-06-03,Cappuccino,L,2,55000,55000,9,50050,Online,50050,100100,NV11,2023,6,2,3,2023-06,2023-Q2
S0057,2023-04-21,Cookies & Cream,S,1,59000,65000,12,51920,Online,51920,51920,NV43,2023,4,2,21,2023-04,2023-Q2
S0058,2021-05-04,Chocolate Freeze,M,3,59000,65000,15,50150,Online,50150,150450,NV45,2021,5,2,4,2021-05,2021-Q2
S0059,2021-10-23,Iced Black Coffee,M,5,59000,49000,8,54280,Online,54280,271400,NV34,2021,10,4,23,2021-10,2021-Q4
S0060,2022-06-28,Green Tea Freeze,L,3,59000,59000,8,54280,Online,54280,162840,NV28,2022,6,2,28,2022-06,2022-Q2
S0061,2021-11-06,Caramel Phin Freeze,L,2,35000,49000,9,31850,Online,31850,63700,NV33,2021,11,4,6,2021-11,2021-Q4
S0062,2022-08-08,Chocolate Freeze,S,2,55000,69000,8,69000,Offline,69000,138000,NV12,2022,8,3,8,2022-08,2022-Q3
S0063,2023-07-31,Latte,M,5,59000,39000,12,51920,Online,51920,259600,NV20,2023,7,3,31,2023-07,2023-Q3
S0064,2021-05-19,Cookies & Cream,L,1,49000,49000,13,42630,Online,42630,42630,NV42,2021,5,2,19,2021-05,2021-Q2
S0065,2022-09-23,Chocolate Freeze,L,5,65000,49000,5,61750,Online,61750,308750,NV9,2022,9,3,23,2022-09,2022-Q3
S0066,2021-06-02,Americano,L,2,29000,49000,6,27260,Online,27260,54520,NV15,2021,6,2,2,2021-06,2021-Q2
S0067,2023-03-25,Latte,S,1,45000,39000,9,40950,Online,40950,40950,NV18,2023,3,1,25,2023-03,2023-Q1
S0068,2021-11-21,Latte,M,4,39000,59000,6,59000,Offline,59000,236000,NV14,2021,11,4,21,2021-11,2021-Q4
S0069,2023-08-30,Latte,M,5,69000,59000,13,59000,Offline,59000,295000,NV15,2023,8,3,30,2023-08,2023-Q3
S0070,2023-02-19,Cappuccino,L,4,59000,59000,11,59000,Offline,59000,236000,NV45,2023,2,1,19,2023-02,2023-Q1
S0071,2023-11-06,Mocha,L,4,49000,59000,12,43120,Online,43120,172480,NV18,2023,11,4,6,2023-11,2023-Q4
S0072,2022-10-27,Latte,M,2,75000,69000,5,69000,Offline,69000,138000,NV7,2022,10,4,27,2022-10,2022-Q4
S0073,2021-03-29,Caramel Phin Freeze,S,5,49000,69000,14,42140,Online,42140,210700,NV45,2021,3,1,29,2021-03,2021-Q1
S0074,2021-03-31,Green Tea Freeze,S,4,49000,35000,8,35000,Offline,35000,140000,NV21,2021,3,1,31,2021-03,2021-Q1
S0075,2021-04-24,Latte,M,1,35000,69000,9,31850,Online,31850,31850,NV43,2021,4,2,24,2021-04,2021-Q2
S0076,2022-11-15,Cookies & Cream,M,3,39000,59000,8,59000,Offline,59000,177000,NV35,2022,11,4,15,2022-11,2022-Q4
S0077,2021-07-04,Caramel Phin Freeze,S,3,29000,75000,5,75000,Offline,75000,225000,NV6,2021,7,3,4,2021-07,2021-Q3
S0078,2022-02-27,Classic Phin Freeze,L,2,65000,59000,12,59000,Offline,59000,118000,NV15,2022,2,1,27,2022-02,2022-Q1
S0079,2023-01-27,Chocolate Freeze,S,2,59000,59000,5,56050,Online,56050,112100,NV36,2023,1,1,27,2023-01,2023-Q1
S0080,2021-05-05,Mocha,M,1,65000,65000,13,65000,Offline,65000,65000,NV31,2021,5,2,5,2021-05,2021-Q2
S0081,2021-08-30,Iced Black Coffee,M,5,65000,49000,10,49000,Offline,49000,245000,NV12,2021,8,3,30,2021-08,2021-Q3
S0082,2023-04-16,Latte,M,1,35000,55000,9,31850,Online,31850,31850,NV22,2023,4,2,16,2023-04,2023-Q2
S0083,2023-03-05,Caramel Phin Freeze,L,5,65000,49000,11,49000,Offline,49000,245000,NV48,2023,3,1,5,2023-03,2023-Q1
S0084,2022-03-22,Mocha,M,3,39000,65000,14,65000,Offline,65000,195000,NV27,2022,3,1,22,2022-03,2022-Q1
S0085,2023-02-13,Classic Phin Freeze,L,4,29000,65000,12,65000,Offline,65000,260000,NV35,2023,2,1,13,2023-02,2023-Q1
S0086,2022-01-29,Mocha,M,1,59000,59000,5,59000,Offline,59000,59000,NV41,2022,1,1,29,2022-01,2022-Q1
S0087,2022-03-25,Americano,M,5,49000,65000,7,45570,Online,45570,227850,NV17,2022,3,1,25,2022-03,2022-Q1
S0088,2022-08-18,Caramel Phin Freeze,S,3,49000,35000,9,44590,Online,44590,133770,NV47,2022,8,3,18,2022-08,2022-Q3
S0089,2022-10-23,Green Tea Freeze,M,4,45000,39000,14,38700,Online,38700,154800,NV18,2022,10,4,23,2022-10,2022-Q4
S0090,2022-03-15,Mocha,S,3,45000,45000,5,42750,Online,42750,128250,NV39,2022,3,1,15,2022-03,2022-Q1
S0091,2022-05-03,Latte,L,3,69000,55000,7,64170,Online,64170,192510,NV1,2022,5,2,3,2022-05,2022-Q2
S0092,2021-07-08,Classic Phin Freeze,M,3,59000,49000,15,50150,Online,50150,150450,NV50,2021,7,3,8,2021-07,2021-Q3
S0093,2023-10-10,Americano,S,1,65000,39000,6,61100,Online,61100,61100,NV18,2023,10,4,10,2023-10,2023-Q4
S0094,2022-01-10,Mocha,L,3,29000,29000,5,27550,Online,27550,82650,NV11,2022,1,1,10,2022-01,2022-Q1
S0095,2022-07-07,Classic Phin Freeze,M,3,29000,65000,8,65000,Offline,65000,195000,NV46,2022,7,3,7,2022-07,2022-Q3
S0096,2021-05-25,Chocolate Freeze,M,3,69000,45000,12,60720,Online,60720,182160,NV33,2021,5,2,25,2021-05,2021-Q2
S0097,2023-08-19,Chocolate Freeze,S,4,49000,49000,15,41650,Online,41650,166600,NV1,2023,8,3,19,2023-08,2023-Q3
S0098,2022-03-31,Cookies & Cream,L,5,59000,69000,8,54280,Online,54280,271400,NV10,2022,3,1,31,2022-03,2022-Q1
S0099,2023-12-30,Iced Black Coffee,M,3,59000,55000,10,55000,Offline,55000,165000,NV31,2023,12,4,30,2023-12,2023-Q4
S0100,2022-02-17,Mocha,L,1,59000,65000,11,65000,Offline,65000,65000,NV42,2022,2,1,17,2022-02,2022-Q1
S0101,2021-03-25,Classic Phin Freeze,M,3,75000,59000,11,66750,Online,66750,200250,NV4,2021,3,1,25,2021-03,2021-Q1
S0102,2022-11-19,Cappuccino,M,4,65000,49000,8,59800,Online,59800,239200,NV13,2022,11,4,19,2022-11,2022-Q4
S0103,2021-08-24,Chocolate Freeze,S,1,59000,45000,9,45000,Offline,45000,45000,NV16,2021,8,3,24,2021-08,2021-Q3
S0104,2022-04-21,Mocha,M,2,65000,49000,12,49000,Offline,49000,98000,NV43,2022,4,2,21,2022-04,2022-Q2
S0105,2021-08-30,Chocolate Freeze,S,4,65000,39000,11,39000,Offline,39000,156000,NV19,2021,8,3,30,2021-08,2021-Q3
S0106,2021-11-06,Chocolate Freeze,M,3,45000,69000,7,69000,Offline,69000,207000,NV22,2021,11,4,6,2021-11,2021-Q4
S0107,2022-11-17,Cappuccino,L,2,69000,49000,10,49000,Offline,49000,98000,NV13,2022,11,4,17,2022-11,2022-Q4
S0108,2021-02-16,Classic Phin Freeze,S,2,45000,39000,11,39000,Offline,39000,78000,NV25,2021,2,1,16,2021-02,2021-Q1
S0109,2022-01-06,Classic Phin Freeze,M,1,45000,75000,5,75000,Offline,75000,75000,NV37,2022,1,1,6,2022-01,2022-Q1
S0110,2021-11-08,Cappuccino,S,4,69000,65000,12,65000,Offline,65000,260000,NV48,2021,11,4,8,2021-11,2021-Q4
S0111,2023-03-27,Cappuccino,S,3,59000,35000,9,53690,Online,53690,161070,NV38,2023,3,1,27,2023-03,2023-Q1
S0112,2021-01-11,Cappuccino,M,4,35000,59000,11,59000,Offline,59000,236000,NV18,2021,1,1,11,2021-01,2021-Q1
S0113,2022-04-05,Cappuccino,L,4,69000,39000,8,39000,Offline,39000,156000,NV31,2022,4,2,5,2022-04,2022-Q2
S0114,2023-05-28,Chocolate Freeze,M,3,49000,39000,7,45570,Online,45570,136710,NV20,2023,5,2,28,2023-05,2023-Q2
S0115,2022-08-03,Mocha,S,1,55000,35000,9,50050,Online,50050,50050,NV36,2022,8,3,3,2022-08,2022-Q3
S0116,2023-07-25,Mocha,M,5,49000,65000,6,46060,Online,46060,230300,NV29,2023,7,3,25,2023-07,2023-Q3
S0117,2023-03-03,Cappuccino,M,1,59000,65000,15,65000,Offline,65000,65000,NV42,2023,3,1,3,2023-03,2023-Q1
S0118,2023-02-05,Iced Black Coffee,L,4,69000,59000,13,59000,Offline,59000,236000,NV24,2023,2,1,5,2023-02,2023-Q1
S0119,2021-01-06,Latte,L,4,39000,49000,10,49000,Offline,49000,196000,NV18,2021,1,1,6,2021-01,2021-Q1
S0120,2023-08-26,Cappuccino,M,5,35000,59000,7,32550,Online,32550,162750,NV37,2023,8,3,26,2023-08,2023-Q3
S0121,2021-07-21,Caramel Phin Freeze,L,2,69000,49000,10,49000,Offline,49000,98000,NV1,2021,7,3,21,2021-07,2021-Q3
S0122,2021-09-28,Green Tea Freeze,S,1,59000,49000,9,53690,Online,53690,53690,NV37,2021,9,3,28,2021-09,2021-Q3
S0123,2023-09-10,Americano,L,1,69000,65000,9,62790,Online,62790,62790,NV41,2023,9,3,10,2023-09,2023-Q3
S0124,2022-03-26,Chocolate Freeze,M,2,49000,55000,9,55000,Offline,55000,110000,NV40,2022,3,1,26,2022-03,2022-Q1
S0125,2023-11-11,Green Tea Freeze,S,3,49000,39000,14,39000,Offline,39000,117000,NV50,2023,11,4,11,2023-11,2023-Q4
S0126,2021-12-02,Cappuccino,S,1,45000,39000,6,42300,Online,42300,42300,NV15,2021,12,4,2,2021-12,2021-Q4
S0127,2021-09-27,Mocha,S,5,39000,69000,13,33930,Online,33930,169650,NV3,2021,9,3,27,2021-09,2021-Q3
S0128,2022-09-17,Chocolate Freeze,L,4,59000,59000,8,54280,Online,54280,217120,NV16,2022,9,3,17,2022-09,2022-Q3
S0129,2022-12-13,Iced Black Coffee,M,1,35000,59000,6,59000,Offline,59000,59000,NV1,2022,12,4,13,2022-12,2022-Q4
S0130,2022-01-12,Latte,S,3,49000,49000,9,44590,Online,44590,133770,NV12,2022,1,1,12,2022-01,2022-Q1
S0131,2022-02-18,Iced Black Coffee,S,3,69000,65000,12,60720,Online,60720,182160,NV29,2022,2,1,18,2022-02,2022-Q1
S0132,2021-07-08,Cookies & Cream,M,5,65000,49000,8,49000,Offline,49000,245000,NV31,2021,7,3,8,2021-07,2021-Q3
S0133,2022-01-22,Iced Black Coffee,M,4,59000,69000,8,69000,Offline,69000,276000,NV5,2022,1,1,22,2022-01,2022-Q1
S0134,2023-05-05,Chocolate Freeze,S,1,39000,59000,9,59000,Offline,59000,59000,NV9,2023,5,2,5,2023-05,2023-Q2
S0135,2021-04-24,Caramel Phin Freeze,S,5,35000,29000,5,33250,Online,33250,166250,NV26,2021,4,2,24,2021-04,2021-Q2
S0136,2021-06-11,Iced Black Coffee,M,5,65000,39000,7,39000,Offline,39000,195000,NV9,2021,6,2,11,2021-06,2021-Q2
S0137,2021-06-01,Chocolate Freeze,S,2,65000,69000,6,69000,Offline,69000,138000,NV30,2021,6,2,1,2021-06,2021-Q2
S0138,2023-07-19,Caramel Phin Freeze,M,5,59000,65000,6,65000,Offline,65000,325000,NV44,2023,7,3,19,2023-07,2023-Q3
S0139,2023-01-14,Latte,S,4,35000,29000,10,29000,Offline,29000,116000,NV35,2023,1,1,14,2023-01,2023-Q1
S0140,2022-07-17,Cappuccino,M,3,29000,65000,14,24940,Online,24940,74820,NV37,2022,7,3,17,2022-07,2022-Q3
S0141,2023-02-16,Latte,L,1,59000,49000,14,49000,Offline,49000,49000,NV17,2023,2,1,16,2023-02,2023-Q1
S0142,2021-05-01,Cappuccino,L,3,59000,65000,6,55460,Online,55460,166380,NV13,2021,5,2,1,2021-05,2021-Q2
S0143,2023-05-05,Chocolate Freeze,S,4,49000,39000,8,39000,Offline,39000,156000,NV25,2023,5,2,5,2023-05,2023-Q2
S0144,2021-05-30,Green Tea Freeze,L,3,49000,65000,10,44100,Online,44100,132300,NV39,2021,5,2,30,2021-05,2021-Q2
S0145,2023-01-31,Cookies & Cream,L,4,49000,59000,11,43610,Online,43610,174440,NV38,2023,1,1,31,2023-01,2023-Q1
S0146,2021-03-05,Green Tea Freeze,L,4,29000,49000,10,26100,Online,26100,104400,NV14,2021,3,1,5,2021-03,2021-Q1
S0147,2022-03-01,Chocolate Freeze,L,1,69000,69000,12,60720,Online,60720,60720,NV30,2022,3,1,1,2022-03,2022-Q1
S0148,2022-10-16,Americano,S,4,49000,55000,15,55000,Offline,55000,220000,NV49,2022,10,4,16,2022-10,2022-Q4
S0149,2022-05-11,Chocolate Freeze,M,3,35000,65000,5,33250,Online,33250,99750,NV2,2022,5,2,11,2022-05,2022-Q2
S0150,2021-04-14,Iced Black Coffee,M,4,59000,65000,11,65000,Offline,65000,260000,NV46,2021,4,2,14,2021-04,2021-Q2
S0151,2023-10-04,Latte,S,1,59000,35000,14,50740,Online,50740,50740,NV50,2023,10,4,4,2023-10,2023-Q4
S0152,2022-03-25,Latte,L,1,65000,59000,10,59000,Offline,59000,59000,NV31,2022,3,1,25,2022-03,2022-Q1
S0153,2021-05-27,Green Tea Freeze,L,2,59000,69000,11,69000,Offline,69000,138000,NV20,2021,5,2,27,2021-05,2021-Q2
S0154,2023-02-22,Cappuccino,L,4,39000,49000,5,37050,Online,37050,148200,NV29,2023,2,1,22,2023-02,2023-Q1
S0155,2021-01-20,Mocha,S,1,59000,55000,14,50740,Online,50740,50740,NV17,2021,1,1,20,2021-01,2021-Q1
S0156,2022-08-29,Caramel Phin Freeze,S,1,69000,59000,9,59000,Offline,59000,59000,NV41,2022,8,3,29,2022-08,2022-Q3
S0157,2022-11-07,Iced Black Coffee,M,4,75000,49000,12,49000,Offline,49000,196000,NV3,2022,11,4,7,2022-11,2022-Q4
S0158,2022-02-26,Americano,L,5,39000,59000,8,59000,Offline,59000,295000,NV42,2022,2,1,26,2022-02,2022-Q1
S0159,2023-06-13,Caramel Phin Freeze,S,4,49000,69000,10,44100,Online,44100,176400,NV33,2023,6,2,13,2023-06,2023-Q2
S0160,2021-06-08,Cappuccino,L,2,59000,69000,7,54870,Online,54870,109740,NV34,2021,6,2,8,2021-06,2021-Q2
S0161,2023-03-01,Cappuccino,S,4,65000,59000,10,58500,Online,58500,234000,NV26,2023,3,1,1,2023-03,2023-Q1
S0162,2022-10-19,Americano,L,1,55000,49000,5,52250,Online,52250,52250,NV37,2022,10,4,19,2022-10,2022-Q4
S0163,2022-11-29,Chocolate Freeze,L,4,35000,49000,13,49000,Offline,49000,196000,NV32,2022,11,4,29,2022-11,2022-Q4
S0164,2023-09-27,Cookies & Cream,M,3,69000,69000,13,60030,Online,60030,180090,NV24,2023,9,3,27,2023-09,2023-Q3
S0165,2021-06-29,Chocolate Freeze,L,5,59000,49000,13,51330,Online,51330,256650,NV38,2021,6,2,29,2021-06,2021-Q2
S0166,2022-04-11,Green Tea Freeze,M,4,65000,69000,12,69000,Offline,69000,276000,NV36,2022,4,2,11,2022-04,2022-Q2
S0167,2021-10-11,Latte,S,5,65000,59000,10,59000,Offline,59000,295000,NV6,2021,10,4,11,2021-10,2021-Q4
S0168,2021-07-16,Latte,S,4,59000,65000,6,65000,Offline,65000,260000,NV47,2021,7,3,16,2021-07,2021-Q3
S0169,2021-11-09,Cappuccino,L,5,65000,49000,15,55250,Online,55250,276250,NV13,2021,11,4,9,2021-11,2021-Q4
S0170,2022-09-18,Caramel Phin Freeze,M,4,65000,49000,6,61100,Online,61100,244400,NV41,2022,9,3,18,2022-09,2022-Q3
S0171,2022-06-04,Green Tea Freeze,M,3,49000,45000,9,44590,Online,44590,133770,NV28,2022,6,2,4,2022-06,2022-Q2
S0172,2023-10-09,Chocolate Freeze,M,3,75000,65000,10,67500,Online,67500,202500,NV49,2023,10,4,9,2023-10,2023-Q4
S0173,2022-01-30,Chocolate Freeze,L,4,69000,69000,9,62790,Online,62790,251160,NV32,2022,1,1,30,2022-01,2022-Q1
S0174,2022-11-12,Latte,S,1,59000,49000,10,49000,Offline,49000,49000,NV16,2022,11,4,12,2022-11,2022-Q4
S0175,2021-06-03,Caramel Phin Freeze,S,2,69000,59000,6,64860,Online,64860,129720,NV16,2021,6,2,3,2021-06,2021-Q2
S0176,2023-12-21,Latte,M,4,65000,59000,9,59000,Offline,59000,236000,NV25,2023,12,4,21,2023-12,2023-Q4
S0177,2022-05-09,Latte,S,1,65000,29000,14,55900,Online,55900,55900,NV27,2022,5,2,9,2022-05,2022-Q2
S0178,2023-10-27,Classic Phin Freeze,S,1,49000,49000,12,49000,Offline,49000,49000,NV36,2023,10,4,27,2023-10,2023-Q4
S0179,2023-11-22,Mocha,M,3,39000,69000,6,36660,Online,36660,109980,NV36,2023,11,4,22,2023-11,2023-Q4
S0180,2023-07-18,Latte,L,5,65000,39000,10,58500,Online,58500,292500,NV33,2023,7,3,18,2023-07,2023-Q3
S0181,2021-04-21,Cookies & Cream,L,1,69000,55000,10,55000,Offline,55000,55000,NV42,2021,4,2,21,2021-04,2021-Q2
S0182,2023-10-22,Classic Phin Freeze,M,1,65000,45000,10,45000,Offline,45000,45000,NV30,2023,10,4,22,2023-10,2023-Q4
S0183,2022-03-22,Latte,S,5,49000,65000,12,65000,Offline,65000,325000,NV1,2022,3,1,22,2022-03,2022-Q1
S0184,2023-11-01,Chocolate Freeze,M,2,39000,29000,5,37050,Online,37050,74100,NV4,2023,11,4,1,2023-11,2023-Q4
S0185,2023-01-21,Cappuccino,S,1,39000,65000,8,35880,Online,35880,35880,NV5,2023,1,1,21,2023-01,2023-Q1
S0186,2021-03-02,Iced Black Coffee,S,2,65000,59000,15,59000,Offline,59000,118000,NV11,2021,3,1,2,2021-03,2021-Q1
S0187,2022-07-14,Iced Black Coffee,M,5,39000,69000,14,69000,Offline,69000,345000,NV43,2022,7,3,14,2022-07,2022-Q3
S0188,2021-02-28,Cappuccino,M,4,59000,65000,15,65000,Offline,65000,260000,NV16,2021,2,1,28,2021-02,2021-Q1
S0189,2021-01-10,Latte,S,4,69000,59000,9,62790,Online,62790,251160,NV11,2021,1,1,10,2021-01,2021-Q1
S0190,2022-05-17,Chocolate Freeze,S,5,59000,65000,5,56050,Online,56050,280250,NV30,2022,5,2,17,2022-05,2022-Q2
S0191,2021-06-05,Mocha,M,5,65000,49000,5,49000,Offline,49000,245000,NV35,2021,6,2,5,2021-06,2021-Q2
S0192,2021-05-24,Cookies & Cream,L,2,59000,65000,6,55460,Online,55460,110920,NV2,2021,5,2,24,2021-05,2021-Q2
S0193,2023-07-29,Cookies & Cream,L,4,35000,55000,15,29750,Online,29750,119000,NV45,2023,7,3,29,2023-07,2023-Q3
S0194,2021-10-25,Caramel Phin Freeze,L,3,65000,69000,6,69000,Offline,69000,207000,NV50,2021,10,4,25,2021-10,2021-Q4
S0195,2023-05-28,Cookies & Cream,S,3,59000,69000,15,50150,Online,50150,150450,NV50,2023,5,2,28,2023-05,2023-Q2
S0196,2022-10-01,Americano,M,1,65000,65000,14,65000,Offline,65000,65000,NV23,2022,10,4,1,2022-10,2022-Q4
S0197,2022-02-13,Green Tea Freeze,M,1,65000,39000,6,61100,Online,61100,61100,NV35,2022,2,1,13,2022-02,2022-Q1
S0198,2022-11-14,Iced Black Coffee,M,1,65000,65000,13,65000,Offline,65000,65000,NV50,2022,11,4,14,2022-11,2022-Q4
S0199,2022-12-22,Cookies & Cream,M,2,55000,65000,10,49500,Online,49500,99000,NV29,2022,12,4,22,2022-12,2022-Q4
S0200,2023-09-13,Cookies & Cream,M,1,35000,49000,11,49000,Offline,49000,49000,NV8,2023,9,3,13,2023-09,2023-Q3
S0201,2022-12-13,Mocha,M,3,49000,49000,14,49000,Offline,49000,147000,NV3,2022,12,4,13,2022-12,2022-Q4
S0202,2023-02-26,Iced Black Coffee,S,4,55000,49000,14,49000,Offline,49000,196000,NV13,2023,2,1,26,2023-02,2023-Q1
S0203,2021-08-28,Cappuccino,S,5,69000,59000,7,59000,Offline,59000,295000,NV35,2021,8,3,28,2021-08,2021-Q3
S0204,2022-02-07,Green Tea Freeze,M,2,39000,65000,5,65000,Offline,65000,130000,NV27,2022,2,1,7,2022-02,2022-Q1
S0205,2022-01-20,Americano,L,4,65000,65000,14,65000,Offline,65000,260000,NV48,2022,1,1,20,2022-01,2022-Q1
S0206,2022-10-27,Americano,S,3,69000,35000,10,35000,Offline,35000,105000,NV43,2022,10,4,27,2022-10,2022-Q4
S0207,2023-01-14,Iced Black Coffee,M,2,65000,69000,10,69000,Offline,69000,138000,NV32,2023,1,1,14,2023-01,2023-Q1
S0208,2022-10-01,Latte,L,1,35000,39000,8,32200,Online,32200,32200,NV49,2022,10,4,1,2022-10,2022-Q4
S0209,2021-04-02,Cookies & Cream,L,2,49000,65000,6,46060,Online,46060,92120,NV42,2021,4,2,2,2021-04,2021-Q2
S0210,2023-07-06,Caramel Phin Freeze,M,2,49000,55000,8,45080,Online,45080,90160,NV38,2023,7,3,6,2023-07,2023-Q3
S0211,2022-06-24,Iced Black Coffee,S,3,65000,65000,10,58500,Online,58500,175500,NV16,2022,6,2,24,2022-06,2022-Q2
S0212,2022-09-20,Green Tea Freeze,L,5,65000,65000,15,65000,Offline,65000,325000,NV10,2022,9,3,20,2022-09,2022-Q3
S0213,2023-08-13,Americano,L,3,55000,59000,6,51700,Online,51700,155100,NV11,2023,8,3,13,2023-08,2023-Q3
S0214,2023-12-29,Latte,M,1,49000,55000,14,55000,Offline,55000,55000,NV6,2023,12,4,29,2023-12,2023-Q4
S0215,2023-10-04,Cappuccino,L,2,35000,35000,14,30100,Online,30100,60200,NV33,2023,10,4,4,2023-10,2023-Q4
S0216,2022-06-18,Cappuccino,L,3,65000,59000,9,59150,Online,59150,177450,NV31,2022,6,2,18,2022-06,2022-Q2
S0217,2021-05-07,Mocha,M,4,65000,59000,10,59000,Offline,59000,236000,NV14,2021,5,2,7,2021-05,2021-Q2
S0218,2023-08-28,Americano,M,4,59000,65000,10,53100,Online,53100,212400,NV43,2023,8,3,28,2023-08,2023-Q3
S0219,2023-05-30,Cookies & Cream,L,2,49000,65000,15,41650,Online,41650,83300,NV35,2023,5,2,30,2023-05,2023-Q2
S0220,2023-06-09,Green Tea Freeze,M,4,35000,69000,8,32200,Online,32200,128800,NV30,2023,6,2,9,2023-06,2023-Q2
S0221,2021-08-06,Classic Phin Freeze,S,5,59000,65000,7,54870,Online,54870,274350,NV50,2021,8,3,6,2021-08,2021-Q3
S0222,2022-01-18,Latte,L,2,69000,29000,13,29000,Offline,29000,58000,NV4,2022,1,1,18,2022-01,2022-Q1
S0223,2022-07-29,Caramel Phin Freeze,S,5,59000,35000,10,53100,Online,53100,265500,NV12,2022,7,3,29,2022-07,2022-Q3
S0224,2023-07-02,Cookies & Cream,L,4,75000,35000,15,35000,Offline,35000,140000,NV41,2023,7,3,2,2023-07,2023-Q3
S0225,2022-12-09,Cappuccino,M,3,69000,59000,12,59000,Offline,59000,177000,NV25,2022,12,4,9,2022-12,2022-Q4
S0226,2023-11-04,Latte,S,5,59000,29000,5,56050,Online,56050,280250,NV41,2023,11,4,4,2023-11,2023-Q4
S0227,2023-01-11,Mocha,L,4,65000,65000,9,59150,Online,59150,236600,NV23,2023,1,1,11,2023-01,2023-Q1
S0228,2023-09-11,Latte,S,1,65000,59000,11,57850,Online,57850,57850,NV1,2023,9,3,11,2023-09,2023-Q3
S0229,2021-12-02,Chocolate Freeze,M,5,69000,69000,10,69000,Offline,69000,345000,NV10,2021,12,4,2,2021-12,2021-Q4
S0230,2023-05-18,Mocha,M,3,49000,49000,6,49000,Offline,49000,147000,NV35,2023,5,2,18,2023-05,2023-Q2
S0231,2021-12-31,Cappuccino,S,1,69000,55000,14,55000,Offline,55000,55000,NV10,2021,12,4,31,2021-12,2021-Q4
S0232,2023-07-10,Chocolate Freeze,L,5,69000,35000,10,35000,Offline,35000,175000,NV13,2023,7,3,10,2023-07,2023-Q3
S0233,2022-06-15,Cappuccino,L,4,59000,35000,10,53100,Online,53100,212400,NV3,2022,6,2,15,2022-06,2022-Q2
S0234,2022-02-20,Mocha,L,5,59000,69000,8,54280,Online,54280,271400,NV12,2022,2,1,20,2022-02,2022-Q1
S0235,2023-01-16,Latte,L,4,59000,29000,6,55460,Online,55460,221840,NV38,2023,1,1,16,2023-01,2023-Q1
S0236,2022-07-31,Green Tea Freeze,L,2,65000,69000,13,56550,Online,56550,113100,NV11,2022,7,3,31,2022-07,2022-Q3
S0237,2023-10-24,Latte,L,3,65000,59000,15,55250,Online,55250,165750,NV4,2023,10,4,24,2023-10,2023-Q4
S0238,2023-02-03,Cookies & Cream,M,4,39000,49000,9,35490,Online,35490,141960,NV44,2023,2,1,3,2023-02,2023-Q1
S0239,2021-09-25,Chocolate Freeze,M,4,55000,35000,15,35000,Offline,35000,140000,NV18,2021,9,3,25,2021-09,2021-Q3
S0240,2021-05-19,Green Tea Freeze,L,2,49000,55000,13,55000,Offline,55000,110000,NV21,2021,5,2,19,2021-05,2021-Q2
S0241,2023-05-25,Cookies & Cream,M,5,39000,69000,7,69000,Offline,69000,345000,NV45,2023,5,2,25,2023-05,2023-Q2
S0242,2023-05-12,Caramel Phin Freeze,M,5,65000,59000,8,59000,Offline,59000,295000,NV22,2023,5,2,12,2023-05,2023-Q2
S0243,2022-06-03,Green Tea Freeze,L,3,59000,65000,13,51330,Online,51330,153990,NV40,2022,6,2,3,2022-06,2022-Q2
S0244,2022-04-09,Cappuccino,S,5,75000,59000,14,59000,Offline,59000,295000,NV37,2022,4,2,9,2022-04,2022-Q2
S0245,2023-01-25,Latte,L,4,39000,69000,13,33930,Online,33930,135720,NV20,2023,1,1,25,2023-01,2023-Q1
S0246,2021-06-18,Mocha,L,4,69000,59000,11,59000,Offline,59000,236000,NV9,2021,6,2,18,2021-06,2021-Q2
S0247,2021-03-04,Chocolate Freeze,L,2,65000,65000,10,58500,Online,58500,117000,NV1,2021,3,1,4,2021-03,2021-Q1
S0248,2023-07-08,Cookies & Cream,S,5,35000,69000,8,69000,Offline,69000,345000,NV47,2023,7,3,8,2023-07,2023-Q3
S0249,2021-06-03,Cappuccino,S,2,65000,59000,7,59000,Offline,59000,118000,NV33,2021,6,2,3,2021-06,2021-Q2
S0250,2022-10-15,Cookies & Cream,M,1,49000,69000,5,46550,Online,46550,46550,NV17,2022,10,4,15,2022-10,2022-Q4
S0251,2022-02-24,Americano,S,2,65000,65000,9,65000,Offline,65000,130000,NV27,2022,2,1,24,2022-02,2022-Q1
S0252,2022-05-23,Chocolate Freeze,M,4,39000,35000,10,35000,Offline,35000,140000,NV43,2022,5,2,23,2022-05,2022-Q2
S0253,2022-01-20,Mocha,S,3,35000,55000,6,32900,Online,32900,98700,NV3,2022,1,1,20,2022-01,2022-Q1
S0254,2021-01-22,Americano,M,5,55000,65000,10,49500,Online,49500,247500,NV17,2021,1,1,22,2021-01,2021-Q1
S0255,2021-09-06,Chocolate Freeze,S,4,45000,35000,13,35000,Offline,35000,140000,NV48,2021,9,3,6,2021-09,2021-Q3
S0256,2022-08-19,Latte,M,3,65000,49000,12,49000,Offline,49000,147000,NV5,2022,8,3,19,2022-08,2022-Q3
S0257,2022-12-28,Americano,M,4,39000,65000,11,65000,Offline,65000,260000,NV12,2022,12,4,28,2022-12,2022-Q4
S0258,2022-10-29,Latte,S,2,55000,59000,15,59000,Offline,59000,118000,NV33,2022,10,4,29,2022-10,2022-Q4
S0259,2024-01-01,Cappuccino,S,5,59000,75000,7,75000,Offline,75000,375000,NV16,2024,1,1,1,2024-01,2024-Q1
S0260,2023-12-30,Cookies & Cream,L,4,65000,49000,9,49000,Offline,49000,196000,NV16,2023,12,4,30,2023-12,2023-Q4
S0261,2022-03-22,Cappuccino,L,4,65000,69000,14,69000,Offline,69000,276000,NV1,2022,3,1,22,2022-03,2022-Q1
S0262,2021-10-07,Cookies & Cream,S,1,75000,35000,7,69750,Online,69750,69750,NV47,2021,10,4,7,2021-10,2021-Q4
S0263,2022-02-25,Cappuccino,S,3,65000,65000,9,65000,Offline,65000,195000,NV50,2022,2,1,25,2022-02,2022-Q1
S0264,2021-03-02,Caramel Phin Freeze,M,5,65000,35000,7,35000,Offline,35000,175000,NV13,2021,3,1,2,2021-03,2021-Q1
S0265,2021-02-23,Cookies & Cream,L,3,65000,39000,9,59150,Online,59150,177450,NV9,2021,2,1,23,2021-02,2021-Q1
S0266,2023-06-03,Iced Black Coffee,M,3,49000,65000,5,46550,Online,46550,139650,NV7,2023,6,2,3,2023-06,2023-Q2
S0267,2023-08-04,Caramel Phin Freeze,M,1,69000,65000,7,65000,Offline,65000,65000,NV12,2023,8,3,4,2023-08,2023-Q3
S0268,2022-10-27,Cappuccino,M,3,59000,69000,10,53100,Online,53100,159300,NV2,2022,10,4,27,2022-10,2022-Q4
S0269,2021-02-18,Cappuccino,M,4,75000,65000,14,65000,Offline,65000,260000,NV40,2021,2,1,18,2021-02,2021-Q1
S0270,2023-05-09,Green Tea Freeze,S,1,59000,39000,8,54280,Online,54280,54280,NV29,2023,5,2,9,2023-05,2023-Q2
S0271,2021-01-06,Latte,L,2,65000,35000,5,35000,Offline,35000,70000,NV10,2021,1,1,6,2021-01,2021-Q1
S0272,2021-01-19,Latte,L,2,75000,49000,14,64500,Online,64500,129000,NV35,2021,1,1,19,2021-01,2021-Q1
S0273,2023-08-31,Green Tea Freeze,S,5,39000,59000,5,59000,Offline,59000,295000,NV34,2023,8,3,31,2023-08,2023-Q3
S0274,2022-10-20,Cookies & Cream,M,5,49000,65000,9,65000,Offline,65000,325000,NV4,2022,10,4,20,2022-10,2022-Q4
S0275,2021-06-16,Classic Phin Freeze,L,5,69000,39000,14,39000,Offline,39000,195000,NV18,2021,6,2,16,2021-06,2021-Q2
S0276,2022-02-21,Iced Black Coffee,L,3,49000,35000,9,35000,Offline,35000,105000,NV15,2022,2,1,21,2022-02,2022-Q1
S0277,2023-02-03,Green Tea Freeze,S,1,59000,65000,8,54280,Online,54280,54280,NV34,2023,2,1,3,2023-02,2023-Q1
S0278,2021-10-10,Classic Phin Freeze,L,4,69000,49000,14,49000,Offline,49000,196000,NV48,2021,10,4,10,2021-10,2021-Q4
S0279,2022-03-11,Cappuccino,S,5,59000,49000,12,51920,Online,51920,259600,NV34,2022,3,1,11,2022-03,2022-Q1
S0280,2023-05-03,Classic Phin Freeze,S,4,65000,49000,6,49000,Offline,49000,196000,NV19,2023,5,2,3,2023-05,2023-Q2
S0281,2023-04-01,Green Tea Freeze,S,2,49000,65000,10,44100,Online,44100,88200,NV36,2023,4,2,1,2023-04,2023-Q2
S0282,2023-04-02,Americano,M,5,49000,35000,5,35000,Offline,35000,175000,NV11,2023,4,2,2,2023-04,2023-Q2
S0283,2023-12-10,Chocolate Freeze,M,3,65000,59000,5,61750,Online,61750,185250,NV21,2023,12,4,10,2023-12,2023-Q4
S0284,2022-03-30,Green Tea Freeze,S,5,39000,65000,10,65000,Offline,65000,325000,NV22,2022,3,1,30,2022-03,2022-Q1
S0285,2023-02-10,Classic Phin Freeze,M,3,49000,65000,11,65000,Offline,65000,195000,NV8,2023,2,1,10,2023-02,2023-Q1
S0286,2022-11-28,Americano,L,5,49000,65000,8,45080,Online,45080,225400,NV14,2022,11,4,28,2022-11,2022-Q4
S0287,2022-07-31,Cappuccino,L,3,35000,49000,13,49000,Offline,49000,147000,NV1,2022,7,3,31,2022-07,2022-Q3
S0288,2023-10-28,Caramel Phin Freeze,M,2,55000,59000,5,59000,Offline,59000,118000,NV2,2023,10,4,28,2023-10,2023-Q4
S0289,2022-12-16,Mocha,L,2,59000,75000,8,54280,Online,54280,108560,NV13,2022,12,4,16,2022-12,2022-Q4
S0290,2022-06-13,Cappuccino,L,1,65000,45000,12,57200,Online,57200,57200,NV9,2022,6,2,13,2022-06,2022-Q2
S0291,2021-04-29,Classic Phin Freeze,L,3,59000,59000,9,53690,Online,53690,161070,NV50,2021,4,2,29,2021-04,2021-Q2
S0292,2022-10-13,Latte,S,2,59000,35000,10,53100,Online,53100,106200,NV12,2022,10,4,13,2022-10,2022-Q4
S0293,2023-04-09,Green Tea Freeze,S,1,49000,39000,9,44590,Online,44590,44590,NV4,2023,4,2,9,2023-04,2023-Q2
S0294,2021-02-26,Green Tea Freeze,S,1,65000,69000,9,59150,Online,59150,59150,NV30,2021,2,1,26,2021-02,2021-Q1
S0295,2022-12-28,Iced Black Coffee,L,5,35000,65000,10,31500,Online,31500,157500,NV9,2022,12,4,28,2022-12,2022-Q4
S0296,2021-11-22,Green Tea Freeze,L,2,59000,65000,6,65000,Offline,65000,130000,NV36,2021,11,4,22,2021-11,2021-Q4
S0297,2022-12-18,Cappuccino,M,2,65000,65000,6,65000,Offline,65000,130000,NV1,2022,12,4,18,2022-12,2022-Q4
S0298,2021-08-16,Americano,S,4,59000,29000,7,29000,Offline,29000,116000,NV34,2021,8,3,16,2021-08,2021-Q3
S0299,2022-01-18,Classic Phin Freeze,M,1,49000,49000,8,45080,Online,45080,45080,NV26,2022,1,1,18,2022-01,2022-Q1
S0300,2023-01-20,Latte,S,4,55000,65000,15,46750,Online,46750,187000,NV30,2023,1,1,20,2023-01,2023-Q1
S0301,2021-05-20,Green Tea Freeze,S,5,35000,59000,8,32200,Online,32200,161000,NV42,2021,5,2,20,2021-05,2021-Q2
S0302,2022-07-31,Caramel Phin Freeze,S,4,69000,59000,14,59340,Online,59340,237360,NV47,2022,7,3,31,2022-07,2022-Q3
S0303,2023-02-06,Green Tea Freeze,M,4,69000,49000,12,49000,Offline,49000,196000,NV15,2023,2,1,6,2023-02,2023-Q1
S0304,2022-09-26,Cookies & Cream,M,5,65000,55000,5,55000,Offline,55000,275000,NV50,2022,9,3,26,2022-09,2022-Q3
S0305,2022-11-25,Mocha,M,4,55000,49000,15,46750,Online,46750,187000,NV20,2022,11,4,25,2022-11,2022-Q4
S0306,2023-12-07,Green Tea Freeze,M,3,65000,35000,13,35000,Offline,35000,105000,NV30,2023,12,4,7,2023-12,2023-Q4
S0307,2023-07-19,Mocha,S,5,49000,65000,6,46060,Online,46060,230300,NV16,2023,7,3,19,2023-07,2023-Q3
S0308,2021-07-22,Cookies & Cream,M,5,49000,49000,7,45570,Online,45570,227850,NV41,2021,7,3,22,2021-07,2021-Q3
S0309,2022-10-17,Cookies & Cream,L,2,59000,65000,9,53690,Online,53690,107380,NV3,2022,10,4,17,2022-10,2022-Q4
S0310,2022-03-24,Iced Black Coffee,M,1,29000,65000,8,26680,Online,26680,26680,NV37,2022,3,1,24,2022-03,2022-Q1
S0311,2023-06-01,Mocha,L,1,69000,65000,7,65000,Offline,65000,65000,NV14,2023,6,2,1,2023-06,2023-Q2
S0312,2022-06-09,Classic Phin Freeze,L,4,65000,69000,6,61100,Online,61100,244400,NV16,2022,6,2,9,2022-06,2022-Q2
S0313,2021-03-23,Americano,S,2,75000,49000,11,49000,Offline,49000,98000,NV13,2021,3,1,23,2021-03,2021-Q1
S0314,2023-11-12,Latte,L,2,65000,65000,13,65000,Offline,65000,130000,NV39,2023,11,4,12,2023-11,2023-Q4
S0315,2021-08-25,Latte,M,5,65000,75000,14,75000,Offline,75000,375000,NV7,2021,8,3,25,2021-08,2021-Q3
S0316,2023-01-16,Cappuccino,S,1,59000,35000,5,35000,Offline,35000,35000,NV42,2023,1,1,16,2023-01,2023-Q1
S0317,2022-11-03,Latte,L,3,59000,65000,7,65000,Offline,65000,195000,NV24,2022,11,4,3,2022-11,2022-Q4
S0318,2023-06-24,Iced Black Coffee,M,3,49000,65000,5,65000,Offline,65000,195000,NV45,2023,6,2,24,2023-06,2023-Q2
S0319,2022-11-07,Latte,S,3,29000,59000,14,24940,Online,24940,74820,NV29,2022,11,4,7,2022-11,2022-Q4
S0320,2021-11-22,Cookies & Cream,L,4,35000,45000,9,31850,Online,31850,127400,NV30,2021,11,4,22,2021-11,2021-Q4
S0321,2023-01-22,Iced Black Coffee,M,1,75000,69000,10,69000,Offline,69000,69000,NV6,2023,1,1,22,2023-01,2023-Q1
S0322,2021-05-02,Chocolate Freeze,S,1,55000,65000,6,65000,Offline,65000,65000,NV13,2021,5,2,2,2021-05,2021-Q2
S0323,2022-07-21,Cookies & Cream,M,3,39000,49000,6,49000,Offline,49000,147000,NV4,2022,7,3,21,2022-07,2022-Q3
S0324,2021-09-20,Latte,S,1,39000,59000,5,37050,Online,37050,37050,NV32,2021,9,3,20,2021-09,2021-Q3
S0325,2023-07-26,Green Tea Freeze,M,5,65000,65000,11,65000,Offline,65000,325000,NV6,2023,7,3,26,2023-07,2023-Q3
S0326,2022-08-30,Cappuccino,S,5,49000,59000,8,59000,Offline,59000,295000,NV2,2022,8,3,30,2022-08,2022-Q3
S0327,2023-05-22,Cappuccino,M,4,39000,49000,8,35880,Online,35880,143520,NV5,2023,5,2,22,2023-05,2023-Q2
S0328,2023-10-17,Americano,L,5,59000,75000,5,75000,Offline,75000,375000,NV50,2023,10,4,17,2023-10,2023-Q4
S0329,2023-06-27,Mocha,M,3,65000,49000,7,60450,Online,60450,181350,NV32,2023,6,2,27,2023-06,2023-Q2
S0330,2022-09-05,Americano,L,2,49000,45000,6,46060,Online,46060,92120,NV29,2022,9,3,5,2022-09,2022-Q3
S0331,2023-03-07,Americano,S,5,65000,69000,12,69000,Offline,69000,345000,NV47,2023,3,1,7,2023-03,2023-Q1
S0332,2021-01-20,Classic Phin Freeze,S,2,49000,69000,14,69000,Offline,69000,138000,NV2,2021,1,1,20,2021-01,2021-Q1
S0333,2023-06-15,Cookies & Cream,L,3,59000,69000,9,53690,Online,53690,161070,NV20,2023,6,2,15,2023-06,2023-Q2
S0334,2021-08-29,Chocolate Freeze,L,2,65000,45000,11,57850,Online,57850,115700,NV6,2021,8,3,29,2021-08,2021-Q3
S0335,2021-07-11,Caramel Phin Freeze,L,3,29000,69000,9,69000,Offline,69000,207000,NV37,2021,7,3,11,2021-07,2021-Q3
S0336,2023-10-17,Green Tea Freeze,L,4,65000,59000,12,57200,Online,57200,228800,NV2,2023,10,4,17,2023-10,2023-Q4
S0337,2023-09-25,Iced Black Coffee,M,4,69000,65000,11,65000,Offline,65000,260000,NV17,2023,9,3,25,2023-09,2023-Q3
S0338,2021-08-02,Green Tea Freeze,S,1,65000,65000,15,55250,Online,55250,55250,NV34,2021,8,3,2,2021-08,2021-Q3
S0339,2023-10-25,Chocolate Freeze,L,1,65000,65000,5,61750,Online,61750,61750,NV42,2023,10,4,25,2023-10,2023-Q4
S0340,2022-08-21,Iced Black Coffee,L,5,59000,35000,14,35000,Offline,35000,175000,NV21,2022,8,3,21,2022-08,2022-Q3
S0341,2021-04-26,Iced Black Coffee,M,4,59000,59000,12,59000,Offline,59000,236000,NV12,2021,4,2,26,2021-04,2021-Q2
S0342,2021-01-28,Americano,M,1,69000,59000,15,58650,Online,58650,58650,NV23,2021,1,1,28,2021-01,2021-Q1
S0343,2023-06-07,Americano,M,5,49000,65000,14,42140,Online,42140,210700,NV26,2023,6,2,7,2023-06,2023-Q2
S0344,2021-12-13,Classic Phin Freeze,S,1,59000,29000,12,29000,Offline,29000,29000,NV23,2021,12,4,13,2021-12,2021-Q4
S0345,2022-10-22,Caramel Phin Freeze,L,4,39000,55000,14,55000,Offline,55000,220000,NV48,2022,10,4,22,2022-10,2022-Q4
S0346,2022-11-16,Iced Black Coffee,S,4,59000,69000,13,69000,Offline,69000,276000,NV44,2022,11,4,16,2022-11,2022-Q4
S0347,2021-10-27,Chocolate Freeze,S,2,39000,39000,9,39000,Offline,39000,78000,NV17,2021,10,4,27,2021-10,2021-Q4
S0348,2021-04-24,Green Tea Freeze,M,3,49000,69000,11,69000,Offline,69000,207000,NV35,2021,4,2,24,2021-04,2021-Q2
S0349,2021-10-17,Cookies & Cream,S,4,69000,39000,9,62790,Online,62790,251160,NV38,2021,10,4,17,2021-10,2021-Q4
S0350,2023-11-16,Chocolate Freeze,M,2,29000,65000,15,24650,Online,24650,49300,NV27,2023,11,4,16,2023-11,2023-Q4
S0351,2023-02-04,Iced Black Coffee,M,3,75000,49000,15,63750,Online,63750,191250,NV46,2023,2,1,4,2023-02,2023-Q1
S0352,2022-08-31,Americano,L,3,59000,69000,8,54280,Online,54280,162840,NV36,2022,8,3,31,2022-08,2022-Q3
S0353,2022-02-09,Latte,M,3,59000,39000,6,39000,Offline,39000,117000,NV49,2022,2,1,9,2022-02,2022-Q1
S0354,2023-08-03,Americano,L,2,75000,75000,15,75000,Offline,75000,150000,NV38,2023,8,3,3,2023-08,2023-Q3
S0355,2021-12-11,Classic Phin Freeze,M,5,29000,39000,12,39000,Offline,39000,195000,NV35,2021,12,4,11,2021-12,2021-Q4
S0356,2022-05-20,Cookies & Cream,L,3,45000,59000,5,42750,Online,42750,128250,NV15,2022,5,2,20,2022-05,2022-Q2
S0357,2023-04-13,Green Tea Freeze,L,4,65000,39000,11,57850,Online,57850,231400,NV49,2023,4,2,13,2023-04,2023-Q2
S0358,2021-04-19,Chocolate Freeze,L,3,65000,65000,14,55900,Online,55900,167700,NV39,2021,4,2,19,2021-04,2021-Q2
S0359,2023-03-13,Latte,M,5,65000,65000,14,55900,Online,55900,279500,NV4,2023,3,1,13,2023-03,2023-Q1
S0360,2021-05-30,Chocolate Freeze,L,2,65000,59000,14,59000,Offline,59000,118000,NV12,2021,5,2,30,2021-05,2021-Q2
S0361,2023-02-18,Chocolate Freeze,L,3,59000,55000,6,55000,Offline,55000,165000,NV19,2023,2,1,18,2023-02,2023-Q1
S0362,2022-04-18,Green Tea Freeze,M,1,65000,49000,11,49000,Offline,49000,49000,NV43,2022,4,2,18,2022-04,2022-Q2
S0363,2023-07-26,Cookies & Cream,M,3,75000,59000,7,69750,Online,69750,209250,NV35,2023,7,3,26,2023-07,2023-Q3
S0364,2021-03-14,Mocha,M,4,59000,65000,14,65000,Offline,65000,260000,NV22,2021,3,1,14,2021-03,2021-Q1
S0365,2022-08-01,Chocolate Freeze,S,5,65000,39000,12,57200,Online,57200,286000,NV28,2022,8,3,1,2022-08,2022-Q3
S0366,2021-08-03,Mocha,M,4,59000,49000,11,49000,Offline,49000,196000,NV14,2021,8,3,3,2021-08,2021-Q3
S0367,2023-08-01,Chocolate Freeze,S,4,49000,59000,9,44590,Online,44590,178360,NV26,2023,8,3,1,2023-08,2023-Q3
S0368,2023-10-29,Latte,S,2,59000,49000,7,54870,Online,54870,109740,NV21,2023,10,4,29,2023-10,2023-Q4
S0369,2021-01-22,Chocolate Freeze,S,2,59000,59000,5,56050,Online,56050,112100,NV46,2021,1,1,22,2021-01,2021-Q1
S0370,2021-06-09,Classic Phin Freeze,S,5,59000,39000,15,39000,Offline,39000,195000,NV4,2021,6,2,9,2021-06,2021-Q2
S0371,2022-08-23,Cappuccino,S,4,65000,49000,6,49000,Offline,49000,196000,NV16,2022,8,3,23,2022-08,2022-Q3
S0372,2023-12-11,Iced Black Coffee,S,1,65000,65000,6,65000,Offline,65000,65000,NV3,2023,12,4,11,2023-12,2023-Q4
S0373,2021-08-05,Caramel Phin Freeze,S,2,59000,55000,5,55000,Offline,55000,110000,NV23,2021,8,3,5,2021-08,2021-Q3
S0374,2022-01-13,Green Tea Freeze,M,1,65000,49000,7,49000,Offline,49000,49000,NV20,2022,1,1,13,2022-01,2022-Q1
S0375,2022-10-11,Iced Black Coffee,S,1,65000,59000,11,57850,Online,57850,57850,NV35,2022,10,4,11,2022-10,2022-Q4
S0376,2023-08-03,Cookies & Cream,M,3,55000,49000,8,49000,Offline,49000,147000,NV34,2023,8,3,3,2023-08,2023-Q3
S0377,2023-03-08,Classic Phin Freeze,S,2,49000,35000,6,46060,Online,46060,92120,NV24,2023,3,1,8,2023-03,2023-Q1
S0378,2021-05-29,Chocolate Freeze,L,1,49000,49000,11,43610,Online,43610,43610,NV36,2021,5,2,29,2021-05,2021-Q2
S0379,2021-06-11,Cappuccino,L,1,49000,69000,12,69000,Offline,69000,69000,NV22,2021,6,2,11,2021-06,2021-Q2
S0380,2021-04-15,Chocolate Freeze,S,5,49000,59000,9,59000,Offline,59000,295000,NV44,2021,4,2,15,2021-04,2021-Q2
S0381,2023-02-02,Caramel Phin Freeze,L,4,35000,55000,14,30100,Online,30100,120400,NV34,2023,2,1,2,2023-02,2023-Q1
S0382,2022-02-04,Mocha,S,3,49000,39000,12,43120,Online,43120,129360,NV28,2022,2,1,4,2022-02,2022-Q1
S0383,2022-12-05,Mocha,M,2,69000,35000,9,62790,Online,62790,125580,NV15,2022,12,4,5,2022-12,2022-Q4
S0384,2023-12-07,Cappuccino,M,3,65000,65000,11,65000,Offline,65000,195000,NV26,2023,12,4,7,2023-12,2023-Q4
S0385,2023-09-27,Iced Black Coffee,L,2,69000,65000,12,60720,Online,60720,121440,NV31,2023,9,3,27,2023-09,2023-Q3
S0386,2022-09-13,Green Tea Freeze,M,5,35000,39000,13,39000,Offline,39000,195000,NV36,2022,9,3,13,2022-09,2022-Q3
S0387,2021-10-26,Caramel Phin Freeze,M,2,65000,49000,8,49000,Offline,49000,98000,NV37,2021,10,4,26,2021-10,2021-Q4
S0388,2022-10-29,Mocha,L,1,69000,65000,11,61410,Online,61410,61410,NV28,2022,10,4,29,2022-10,2022-Q4
S0389,2023-01-10,Classic Phin Freeze,L,3,55000,65000,10,65000,Offline,65000,195000,NV1,2023,1,1,10,2023-01,2023-Q1
S0390,2023-05-27,Mocha,L,2,55000,65000,11,48950,Online,48950,97900,NV16,2023,5,2,27,2023-05,2023-Q2
S0391,2023-05-24,Iced Black Coffee,S,2,35000,59000,7,32550,Online,32550,65100,NV32,2023,5,2,24,2023-05,2023-Q2
S0392,2022-05-14,Cappuccino,M,4,59000,69000,13,69000,Offline,69000,276000,NV39,2022,5,2,14,2022-05,2022-Q2
S0393,2021-12-04,Cookies & Cream,S,2,55000,55000,11,48950,Online,48950,97900,NV47,2021,12,4,4,2021-12,2021-Q4
S0394,2023-02-06,Americano,M,1,59000,49000,12,51920,Online,51920,51920,NV24,2023,2,1,6,2023-02,2023-Q1
S0395,2023-12-08,Green Tea Freeze,L,3,59000,59000,10,59000,Offline,59000,177000,NV7,2023,12,4,8,2023-12,2023-Q4
S0396,2021-09-21,Green Tea Freeze,L,2,35000,49000,9,31850,Online,31850,63700,NV22,2021,9,3,21,2021-09,2021-Q3
S0397,2022-11-04,Cappuccino,L,5,65000,69000,6,61100,Online,61100,305500,NV34,2022,11,4,4,2022-11,2022-Q4
S0398,2023-03-23,Cookies & Cream,L,4,65000,49000,15,49000,Offline,49000,196000,NV34,2023,3,1,23,2023-03,2023-Q1
S0399,2021-03-10,Classic Phin Freeze,M,3,49000,49000,12,43120,Online,43120,129360,NV47,2021,3,1,10,2021-03,2021-Q1
S0400,2021-09-30,Chocolate Freeze,L,1,65000,49000,8,59800,Online,59800,59800,NV35,2021,9,3,30,2021-09,2021-Q3
S0401,2021-01-10,Classic Phin Freeze,S,3,49000,65000,5,46550,Online,46550,139650,NV31,2021,1,1,10,2021-01,2021-Q1
S0402,2022-08-09,Americano,S,5,59000,69000,10,69000,Offline,69000,345000,NV33,2022,8,3,9,2022-08,2022-Q3
S0403,2021-11-20,Cappuccino,S,5,49000,55000,15,55000,Offline,55000,275000,NV50,2021,11,4,20,2021-11,2021-Q4
S0404,2023-08-09,Cookies & Cream,L,2,59000,59000,8,59000,Offline,59000,118000,NV25,2023,8,3,9,2023-08,2023-Q3
S0405,2022-05-07,Classic Phin Freeze,L,2,59000,55000,12,51920,Online,51920,103840,NV30,2022,5,2,7,2022-05,2022-Q2
S0406,2023-07-31,Cookies & Cream,L,3,35000,65000,12,30800,Online,30800,92400,NV18,2023,7,3,31,2023-07,2023-Q3
S0407,2021-11-14,Caramel Phin Freeze,S,1,59000,59000,11,52510,Online,52510,52510,NV46,2021,11,4,14,2021-11,2021-Q4
S0408,2021-05-31,Cookies & Cream,S,3,49000,35000,13,42630,Online,42630,127890,NV10,2021,5,2,31,2021-05,2021-Q2
S0409,2022-03-30,Caramel Phin Freeze,L,4,49000,55000,7,55000,Offline,55000,220000,NV9,2022,3,1,30,2022-03,2022-Q1
S0410,2022-06-03,Americano,M,5,59000,49000,6,55460,Online,55460,277300,NV47,2022,6,2,3,2022-06,2022-Q2
S0411,2021-03-26,Cookies & Cream,L,1,69000,39000,13,39000,Offline,39000,39000,NV23,2021,3,1,26,2021-03,2021-Q1
S0412,2023-12-15,Cappuccino,S,3,35000,59000,11,31150,Online,31150,93450,NV6,2023,12,4,15,2023-12,2023-Q4
S0413,2021-08-26,Caramel Phin Freeze,S,3,69000,59000,9,62790,Online,62790,188370,NV34,2021,8,3,26,2021-08,2021-Q3
S0414,2022-04-03,Cappuccino,M,2,59000,59000,11,52510,Online,52510,105020,NV17,2022,4,2,3,2022-04,2022-Q2
S0415,2021-05-15,Cookies & Cream,S,1,65000,65000,8,65000,Offline,65000,65000,NV12,2021,5,2,15,2021-05,2021-Q2
S0416,2022-09-18,Cappuccino,L,3,35000,49000,8,32200,Online,32200,96600,NV24,2022,9,3,18,2022-09,2022-Q3
S0417,2023-07-13,Cookies & Cream,M,5,65000,69000,11,57850,Online,57850,289250,NV36,2023,7,3,13,2023-07,2023-Q3
S0418,2023-06-01,Cookies & Cream,M,5,29000,65000,8,26680,Online,26680,133400,NV16,2023,6,2,1,2023-06,2023-Q2
S0419,2022-03-15,Cappuccino,M,4,35000,39000,8,32200,Online,32200,128800,NV35,2022,3,1,15,2022-03,2022-Q1
S0420,2021-10-03,Americano,L,4,59000,65000,6,65000,Offline,65000,260000,NV26,2021,10,4,3,2021-10,2021-Q4
S0421,2021-01-03,Iced Black Coffee,L,5,55000,49000,7,49000,Offline,49000,245000,NV2,2021,1,1,3,2021-01,2021-Q1
S0422,2022-12-12,Chocolate Freeze,L,1,59000,75000,14,75000,Offline,75000,75000,NV40,2022,12,4,12,2022-12,2022-Q4
S0423,2022-11-23,Iced Black Coffee,L,3,59000,35000,7,35000,Offline,35000,105000,NV37,2022,11,4,23,2022-11,2022-Q4
S0424,2021-03-21,Classic Phin Freeze,S,3,49000,49000,14,42140,Online,42140,126420,NV45,2021,3,1,21,2021-03,2021-Q1
S0425,2021-03-02,Green Tea Freeze,M,2,55000,69000,12,69000,Offline,69000,138000,NV37,2021,3,1,2,2021-03,2021-Q1
S0426,2021-06-05,Cookies & Cream,L,3,59000,59000,5,59000,Offline,59000,177000,NV50,2021,6,2,5,2021-06,2021-Q2
S0427,2022-06-28,Cappuccino,S,3,59000,59000,14,50740,Online,50740,152220,NV17,2022,6,2,28,2022-06,2022-Q2
S0428,2022-01-03,Caramel Phin Freeze,S,3,65000,75000,9,59150,Online,59150,177450,NV2,2022,1,1,3,2022-01,2022-Q1
S0429,2021-02-21,Americano,S,1,59000,65000,14,65000,Offline,65000,65000,NV14,2021,2,1,21,2021-02,2021-Q1
S0430,2022-02-06,Caramel Phin Freeze,M,1,49000,75000,10,75000,Offline,75000,75000,NV38,2022,2,1,6,2022-02,2022-Q1
S0431,2021-06-22,Mocha,S,3,39000,69000,15,69000,Offline,69000,207000,NV4,2021,6,2,22,2021-06,2021-Q2
S0432,2021-12-31,Classic Phin Freeze,S,4,69000,49000,5,65550,Online,65550,262200,NV25,2021,12,4,31,2021-12,2021-Q4
S0433,2022-03-06,Americano,L,5,65000,49000,8,49000,Offline,49000,245000,NV42,2022,3,1,6,2022-03,2022-Q1
S0434,2022-02-07,Caramel Phin Freeze,L,4,65000,49000,5,49000,Offline,49000,196000,NV24,2022,2,1,7,2022-02,2022-Q1
S0435,2021-07-06,Americano,S,1,65000,49000,9,49000,Offline,49000,49000,NV29,2021,7,3,6,2021-07,2021-Q3
S0436,2023-03-13,Green Tea Freeze,L,2,49000,65000,6,46060,Online,46060,92120,NV8,2023,3,1,13,2023-03,2023-Q1
S0437,2021-07-18,Iced Black Coffee,L,2,65000,65000,12,65000,Offline,65000,130000,NV14,2021,7,3,18,2021-07,2021-Q3
S0438,2022-12-25,Caramel Phin Freeze,M,5,65000,29000,7,60450,Online,60450,302250,NV1,2022,12,4,25,2022-12,2022-Q4
S0439,2022-09-27,Americano,M,4,65000,49000,11,57850,Online,57850,231400,NV41,2022,9,3,27,2022-09,2022-Q3
S0440,2022-10-21,Green Tea Freeze,M,4,55000,65000,11,65000,Offline,65000,260000,NV31,2022,10,4,21,2022-10,2022-Q4
S0441,2023-02-08,Iced Black Coffee,S,5,65000,39000,6,61100,Online,61100,305500,NV18,2023,2,1,8,2023-02,2023-Q1
S0442,2022-09-11,Caramel Phin Freeze,M,4,69000,59000,10,59000,Offline,59000,236000,NV13,2022,9,3,11,2022-09,2022-Q3
S0443,2023-02-01,Classic Phin Freeze,S,5,59000,65000,8,65000,Offline,65000,325000,NV13,2023,2,1,1,2023-02,2023-Q1
S0444,2022-11-03,Caramel Phin Freeze,L,3,49000,35000,14,42140,Online,42140,126420,NV31,2022,11,4,3,2022-11,2022-Q4
S0445,2022-07-13,Classic Phin Freeze,M,3,65000,35000,10,58500,Online,58500,175500,NV10,2022,7,3,13,2022-07,2022-Q3
S0446,2021-09-10,Chocolate Freeze,M,1,29000,55000,6,55000,Offline,55000,55000,NV18,2021,9,3,10,2021-09,2021-Q3
S0447,2021-05-07,Americano,S,5,55000,65000,14,47300,Online,47300,236500,NV17,2021,5,2,7,2021-05,2021-Q2
S0448,2021-11-23,Green Tea Freeze,L,5,39000,39000,10,39000,Offline,39000,195000,NV22,2021,11,4,23,2021-11,2021-Q4
S0449,2022-10-20,Classic Phin Freeze,L,2,65000,59000,8,59000,Offline,59000,118000,NV41,2022,10,4,20,2022-10,2022-Q4
S0450,2023-06-01,Iced Black Coffee,M,1,39000,65000,14,33540,Online,33540,33540,NV7,2023,6,2,1,2023-06,2023-Q2
S0451,2023-03-13,Iced Black Coffee,L,3,65000,49000,11,49000,Offline,49000,147000,NV20,2023,3,1,13,2023-03,2023-Q1
S0452,2023-03-01,Cappuccino,M,4,65000,69000,9,59150,Online,59150,236600,NV41,2023,3,1,1,2023-03,2023-Q1
S0453,2023-03-01,Green Tea Freeze,S,2,35000,59000,9,31850,Online,31850,63700,NV13,2023,3,1,1,2023-03,2023-Q1
S0454,2023-09-21,Green Tea Freeze,M,3,49000,59000,14,59000,Offline,59000,177000,NV27,2023,9,3,21,2023-09,2023-Q3
S0455,2023-08-06,Chocolate Freeze,S,1,65000,65000,15,65000,Offline,65000,65000,NV48,2023,8,3,6,2023-08,2023-Q3
S0456,2021-12-07,Green Tea Freeze,M,3,59000,49000,5,49000,Offline,49000,147000,NV13,2021,12,4,7,2021-12,2021-Q4
S0457,2021-07-05,Caramel Phin Freeze,M,1,49000,39000,7,45570,Online,45570,45570,NV10,2021,7,3,5,2021-07,2021-Q3
S0458,2022-03-04,Cookies & Cream,S,2,39000,39000,13,39000,Offline,39000,78000,NV29,2022,3,1,4,2022-03,2022-Q1
S0459,2021-10-31,Latte,L,5,65000,69000,15,69000,Offline,69000,345000,NV34,2021,10,4,31,2021-10,2021-Q4
S0460,2021-11-19,Caramel Phin Freeze,M,3,35000,59000,6,32900,Online,32900,98700,NV21,2021,11,4,19,2021-11,2021-Q4
S0461,2022-05-23,Green Tea Freeze,L,4,55000,65000,11,48950,Online,48950,195800,NV39,2022,5,2,23,2022-05,2022-Q2
S0462,2023-11-22,Green Tea Freeze,L,5,59000,65000,6,65000,Offline,65000,325000,NV5,2023,11,4,22,2023-11,2023-Q4
S0463,2023-02-14,Cappuccino,S,3,55000,65000,6,65000,Offline,65000,195000,NV33,2023,2,1,14,2023-02,2023-Q1
S0464,2022-08-13,Classic Phin Freeze,M,3,39000,49000,10,49000,Offline,49000,147000,NV11,2022,8,3,13,2022-08,2022-Q3
S0465,2023-12-12,Green Tea Freeze,M,3,59000,75000,13,51330,Online,51330,153990,NV36,2023,12,4,12,2023-12,2023-Q4
S0466,2021-03-20,Chocolate Freeze,S,3,39000,69000,12,69000,Offline,69000,207000,NV42,2021,3,1,20,2021-03,2021-Q1
S0467,2023-02-28,Iced Black Coffee,S,4,59000,35000,13,35000,Offline,35000,140000,NV21,2023,2,1,28,2023-02,2023-Q1
S0468,2022-10-08,Iced Black Coffee,S,4,75000,39000,9,68250,Online,68250,273000,NV49,2022,10,4,8,2022-10,2022-Q4
S0469,2023-06-30,Mocha,S,3,49000,65000,5,65000,Offline,65000,195000,NV47,2023,6,2,30,2023-06,2023-Q2
S0470,2023-04-17,Latte,S,2,69000,65000,13,60030,Online,60030,120060,NV13,2023,4,2,17,2023-04,2023-Q2
S0471,2023-08-23,Chocolate Freeze,S,4,45000,35000,15,35000,Offline,35000,140000,NV3,2023,8,3,23,2023-08,2023-Q3
S0472,2021-09-11,Caramel Phin Freeze,L,1,65000,65000,14,55900,Online,55900,55900,NV12,2021,9,3,11,2021-09,2021-Q3
S0473,2022-12-31,Mocha,S,1,59000,55000,9,55000,Offline,55000,55000,NV40,2022,12,4,31,2022-12,2022-Q4
S0474,2023-11-01,Classic Phin Freeze,S,5,55000,59000,5,52250,Online,52250,261250,NV44,2023,11,4,1,2023-11,2023-Q4
S0475,2023-06-11,Classic Phin Freeze,L,4,49000,59000,7,45570,Online,45570,182280,NV49,2023,6,2,11,2023-06,2023-Q2
S0476,2023-04-19,Latte,M,2,55000,65000,6,65000,Offline,65000,130000,NV19,2023,4,2,19,2023-04,2023-Q2
S0477,2023-11-20,Classic Phin Freeze,L,3,49000,59000,13,59000,Offline,59000,177000,NV48,2023,11,4,20,2023-11,2023-Q4
S0478,2022-10-28,Mocha,L,2,55000,39000,5,52250,Online,52250,104500,NV4,2022,10,4,28,2022-10,2022-Q4
S0479,2022-04-27,Mocha,L,1,29000,49000,8,26680,Online,26680,26680,NV31,2022,4,2,27,2022-04,2022-Q2
S0480,2021-05-23,Chocolate Freeze,M,1,59000,45000,9,45000,Offline,45000,45000,NV20,2021,5,2,23,2021-05,2021-Q2
S0481,2021-12-27,Americano,S,4,49000,65000,7,65000,Offline,65000,260000,NV3,2021,12,4,27,2021-12,2021-Q4
S0482,2023-12-23,Americano,M,3,59000,69000,6,55460,Online,55460,166380,NV26,2023,12,4,23,2023-12,2023-Q4
S0483,2023-05-27,Classic Phin Freeze,S,4,59000,59000,7,54870,Online,54870,219480,NV49,2023,5,2,27,2023-05,2023-Q2
S0484,2022-03-03,Green Tea Freeze,S,2,65000,59000,14,55900,Online,55900,111800,NV28,2022,3,1,3,2022-03,2022-Q1
S0485,2022-01-17,Green Tea Freeze,L,1,59000,75000,8,75000,Offline,75000,75000,NV27,2022,1,1,17,2022-01,2022-Q1
S0486,2023-05-29,Iced Black Coffee,M,3,65000,49000,12,49000,Offline,49000,147000,NV21,2023,5,2,29,2023-05,2023-Q2
S0487,2022-07-12,Green Tea Freeze,M,4,69000,59000,10,62100,Online,62100,248400,NV22,2022,7,3,12,2022-07,2022-Q3
S0488,2023-01-21,Classic Phin Freeze,L,1,55000,65000,6,51700,Online,51700,51700,NV34,2023,1,1,21,2023-01,2023-Q1
S0489,2021-08-28,Caramel Phin Freeze,S,1,69000,59000,12,60720,Online,60720,60720,NV42,2021,8,3,28,2021-08,2021-Q3
S0490,2021-01-31,Caramel Phin Freeze,L,1,59000,35000,6,35000,Offline,35000,35000,NV47,2021,1,1,31,2021-01,2021-Q1
S0491,2023-12-21,Iced Black Coffee,L,3,49000,35000,8,35000,Offline,35000,105000,NV25,2023,12,4,21,2023-12,2023-Q4
S0492,2022-03-18,Green Tea Freeze,L,1,39000,65000,14,33540,Online,33540,33540,NV6,2022,3,1,18,2022-03,2022-Q1
S0493,2021-07-12,Green Tea Freeze,M,2,45000,65000,11,65000,Offline,65000,130000,NV21,2021,7,3,12,2021-07,2021-Q3
S0494,2023-06-26,Chocolate Freeze,S,5,65000,35000,8,35000,Offline,35000,175000,NV25,2023,6,2,26,2023-06,2023-Q2
S0495,2022-12-12,Americano,L,5,49000,29000,14,29000,Offline,29000,145000,NV4,2022,12,4,12,2022-12,2022-Q4
S0496,2021-10-12,Chocolate Freeze,L,4,65000,65000,5,65000,Offline,65000,260000,NV1,2021,10,4,12,2021-10,2021-Q4
S0497,2021-05-29,Americano,L,3,59000,29000,6,29000,Offline,29000,87000,NV27,2021,5,2,29,2021-05,2021-Q2
S0498,2021-05-19,Latte,L,1,29000,59000,7,26970,Online,26970,26970,NV7,2021,5,2,19,2021-05,2021-Q2
S0499,2021-10-26,Americano,M,1,59000,45000,13,51330,Online,51330,51330,NV16,2021,10,4,26,2021-10,2021-Q4
S0500,2022-03-09,Green Tea Freeze,L,5,69000,45000,5,45000,Offline,45000,225000,NV49,2022,3,1,9,2022-03,2022-Q1
S0501,2022-06-10,Mocha,S,5,45000,49000,6,49000,Offline,49000,245000,NV44,2022,6,2,10,2022-06,2022-Q2
S0502,2021-09-09,Iced Black Coffee,S,1,35000,59000,10,59000,Offline,59000,59000,NV41,2021,9,3,9,2021-09,2021-Q3
S0503,2022-10-12,Caramel Phin Freeze,L,1,49000,55000,9,55000,Offline,55000,55000,NV41,2022,10,4,12,2022-10,2022-Q4
S0504,2022-04-11,Americano,M,1,35000,65000,9,31850,Online,31850,31850,NV41,2022,4,2,11,2022-04,2022-Q2
S0505,2023-02-12,Cappuccino,S,4,65000,39000,10,39000,Offline,39000,156000,NV38,2023,2,1,12,2023-02,2023-Q1
S0506,2022-07-11,Americano,L,1,59000,49000,9,53690,Online,53690,53690,NV33,2022,7,3,11,2022-07,2022-Q3
S0507,2023-08-16,Classic Phin Freeze,M,3,29000,75000,5,27550,Online,27550,82650,NV3,2023,8,3,16,2023-08,2023-Q3
S0508,2022-06-20,Mocha,L,5,65000,65000,7,65000,Offline,65000,325000,NV27,2022,6,2,20,2022-06,2022-Q2
S0509,2022-11-24,Cappuccino,L,3,45000,69000,6,42300,Online,42300,126900,NV6,2022,11,4,24,2022-11,2022-Q4
S0510,2022-10-12,Latte,L,4,59000,35000,9,53690,Online,53690,214760,NV45,2022,10,4,12,2022-10,2022-Q4
S0511,2022-09-28,Caramel Phin Freeze,S,1,39000,65000,11,34710,Online,34710,34710,NV49,2022,9,3,28,2022-09,2022-Q3
S0512,2022-12-10,Latte,S,5,59000,65000,10,53100,Online,53100,265500,NV3,2022,12,4,10,2022-12,2022-Q4
S0513,2021-07-02,Cookies & Cream,M,2,49000,59000,10,44100,Online,44100,88200,NV2,2021,7,3,2,2021-07,2021-Q3
S0514,2021-04-27,Iced Black Coffee,L,3,49000,59000,9,59000,Offline,59000,177000,NV19,2021,4,2,27,2021-04,2021-Q2
S0515,2022-04-26,Cappuccino,L,1,39000,65000,10,65000,Offline,65000,65000,NV9,2022,4,2,26,2022-04,2022-Q2
S0516,2022-03-24,Chocolate Freeze,M,4,69000,55000,6,55000,Offline,55000,220000,NV4,2022,3,1,24,2022-03,2022-Q1
S0517,2022-06-08,Chocolate Freeze,L,3,55000,49000,8,50600,Online,50600,151800,NV43,2022,6,2,8,2022-06,2022-Q2
S0518,2022-09-12,Chocolate Freeze,M,1,29000,59000,5,27550,Online,27550,27550,NV15,2022,9,3,12,2022-09,2022-Q3
S0519,2023-03-25,Iced Black Coffee,M,2,45000,55000,7,55000,Offline,55000,110000,NV36,2023,3,1,25,2023-03,2023-Q1
S0520,2021-04-07,Cookies & Cream,M,4,29000,59000,13,59000,Offline,59000,236000,NV29,2021,4,2,7,2021-04,2021-Q2
S0521,2022-01-31,Cookies & Cream,M,1,65000,65000,9,59150,Online,59150,59150,NV32,2022,1,1,31,2022-01,2022-Q1
S0522,2021-08-30,Cappuccino,S,2,65000,49000,5,49000,Offline,49000,98000,NV17,2021,8,3,30,2021-08,2021-Q3
S0523,2021-07-08,Classic Phin Freeze,L,5,55000,65000,12,48400,Online,48400,242000,NV22,2021,7,3,8,2021-07,2021-Q3
S0524,2023-02-02,Caramel Phin Freeze,M,1,65000,69000,12,69000,Offline,69000,69000,NV1,2023,2,1,2,2023-02,2023-Q1
S0525,2023-10-13,Cappuccino,M,2,55000,59000,8,59000,Offline,59000,118000,NV34,2023,10,4,13,2023-10,2023-Q4
S0526,2023-06-11,Americano,L,4,65000,55000,7,60450,Online,60450,241800,NV4,2023,6,2,11,2023-06,2023-Q2
S0527,2021-06-19,Iced Black Coffee,M,5,49000,55000,9,44590,Online,44590,222950,NV13,2021,6,2,19,2021-06,2021-Q2
S0528,2023-04-10,Mocha,L,1,35000,39000,7,32550,Online,32550,32550,NV50,2023,4,2,10,2023-04,2023-Q2
S0529,2023-03-18,Iced Black Coffee,L,1,39000,75000,7,75000,Offline,75000,75000,NV10,2023,3,1,18,2023-03,2023-Q1
S0530,2022-07-30,Iced Black Coffee,M,2,39000,75000,6,75000,Offline,75000,150000,NV20,2022,7,3,30,2022-07,2022-Q3
S0531,2021-12-05,Cappuccino,L,4,59000,49000,8,49000,Offline,49000,196000,NV8,2021,12,4,5,2021-12,2021-Q4
S0532,2022-09-28,Cookies & Cream,S,4,65000,65000,14,65000,Offline,65000,260000,NV33,2022,9,3,28,2022-09,2022-Q3
S0533,2021-11-30,Green Tea Freeze,S,3,39000,49000,15,33150,Online,33150,99450,NV45,2021,11,4,30,2021-11,2021-Q4
S0534,2021-02-01,Chocolate Freeze,S,5,45000,65000,9,40950,Online,40950,204750,NV11,2021,2,1,1,2021-02,2021-Q1
S0535,2023-06-28,Iced Black Coffee,S,2,49000,59000,8,45080,Online,45080,90160,NV13,2023,6,2,28,2023-06,2023-Q2
S0536,2022-01-20,Mocha,L,2,59000,49000,15,49000,Offline,49000,98000,NV36,2022,1,1,20,2022-01,2022-Q1
S0537,2023-09-13,Iced Black Coffee,L,5,59000,59000,11,52510,Online,52510,262550,NV34,2023,9,3,13,2023-09,2023-Q3
S0538,2023-04-19,Latte,S,2,59000,69000,14,69000,Offline,69000,138000,NV37,2023,4,2,19,2023-04,2023-Q2
S0539,2022-11-05,Green Tea Freeze,S,3,65000,35000,10,35000,Offline,35000,105000,NV7,2022,11,4,5,2022-11,2022-Q4
S0540,2023-08-01,Cappuccino,L,2,59000,65000,7,65000,Offline,65000,130000,NV43,2023,8,3,1,2023-08,2023-Q3
S0541,2022-10-23,Green Tea Freeze,S,5,65000,49000,8,59800,Online,59800,299000,NV29,2022,10,4,23,2022-10,2022-Q4
S0542,2021-03-24,Classic Phin Freeze,M,5,59000,59000,6,59000,Offline,59000,295000,NV1,2021,3,1,24,2021-03,2021-Q1
S0543,2022-01-10,Latte,M,3,59000,65000,15,65000,Offline,65000,195000,NV39,2022,1,1,10,2022-01,2022-Q1
S0544,2022-02-24,Latte,S,4,59000,49000,10,49000,Offline,49000,196000,NV44,2022,2,1,24,2022-02,2022-Q1
S0545,2023-07-05,Cappuccino,M,5,65000,69000,14,55900,Online,55900,279500,NV30,2023,7,3,5,2023-07,2023-Q3
S0546,2023-01-14,Cappuccino,L,1,65000,45000,13,56550,Online,56550,56550,NV42,2023,1,1,14,2023-01,2023-Q1
S0547,2022-09-02,Americano,S,4,59000,65000,14,65000,Offline,65000,260000,NV42,2022,9,3,2,2022-09,2022-Q3
S0548,2021-11-09,Green Tea Freeze,L,1,55000,59000,13,59000,Offline,59000,59000,NV2,2021,11,4,9,2021-11,2021-Q4
S0549,2022-12-06,Mocha,L,3,69000,75000,13,60030,Online,60030,180090,NV48,2022,12,4,6,2022-12,2022-Q4
S0550,2022-06-08,Iced Black Coffee,M,2,65000,69000,5,69000,Offline,69000,138000,NV21,2022,6,2,8,2022-06,2022-Q2
S0551,2023-03-01,Americano,L,2,59000,59000,5,56050,Online,56050,112100,NV26,2023,3,1,1,2023-03,2023-Q1
S0552,2023-08-19,Chocolate Freeze,L,2,35000,49000,8,49000,Offline,49000,98000,NV5,2023,8,3,19,2023-08,2023-Q3
S0553,2023-02-07,Classic Phin Freeze,L,2,59000,39000,13,39000,Offline,39000,78000,NV11,2023,2,1,7,2023-02,2023-Q1
S0554,2022-11-14,Cookies & Cream,M,3,55000,59000,7,59000,Offline,59000,177000,NV43,2022,11,4,14,2022-11,2022-Q4
S0555,2021-07-19,Iced Black Coffee,M,3,49000,49000,15,41650,Online,41650,124950,NV24,2021,7,3,19,2021-07,2021-Q3
S0556,2023-09-10,Chocolate Freeze,L,3,65000,55000,13,55000,Offline,55000,165000,NV6,2023,9,3,10,2023-09,2023-Q3
S0557,2022-09-19,Green Tea Freeze,L,1,59000,69000,12,69000,Offline,69000,69000,NV11,2022,9,3,19,2022-09,2022-Q3
S0558,2023-01-06,Cappuccino,S,3,69000,49000,10,49000,Offline,49000,147000,NV39,2023,1,1,6,2023-01,2023-Q1
S0559,2023-01-13,Latte,M,5,35000,65000,9,65000,Offline,65000,325000,NV33,2023,1,1,13,2023-01,2023-Q1
S0560,2021-03-08,Cookies & Cream,S,5,65000,65000,10,65000,Offline,65000,325000,NV22,2021,3,1,8,2021-03,2021-Q1
S0561,2022-12-28,Latte,L,2,65000,65000,12,65000,Offline,65000,130000,NV5,2022,12,4,28,2022-12,2022-Q4
S0562,2023-06-29,Green Tea Freeze,L,3,55000,49000,14,47300,Online,47300,141900,NV13,2023,6,2,29,2023-06,2023-Q2
S0563,2022-05-26,Mocha,L,1,65000,75000,10,75000,Offline,75000,75000,NV22,2022,5,2,26,2022-05,2022-Q2
S0564,2023-05-05,Chocolate Freeze,M,3,65000,55000,14,55000,Offline,55000,165000,NV33,2023,5,2,5,2023-05,2023-Q2
S0565,2023-09-04,Iced Black Coffee,L,4,65000,59000,14,55900,Online,55900,223600,NV13,2023,9,3,4,2023-09,2023-Q3
S0566,2023-02-25,Green Tea Freeze,L,5,65000,65000,13,65000,Offline,65000,325000,NV44,2023,2,1,25,2023-02,2023-Q1
S0567,2022-02-25,Latte,M,5,49000,49000,6,46060,Online,46060,230300,NV2,2022,2,1,25,2022-02,2022-Q1
S0568,2022-06-09,Americano,M,5,65000,65000,11,57850,Online,57850,289250,NV33,2022,6,2,9,2022-06,2022-Q2
S0569,2021-12-11,Latte,S,3,49000,65000,14,65000,Offline,65000,195000,NV33,2021,12,4,11,2021-12,2021-Q4
S0570,2022-08-27,Americano,M,4,35000,65000,6,32900,Online,32900,131600,NV1,2022,8,3,27,2022-08,2022-Q3
S0571,2021-08-09,Cookies & Cream,L,2,59000,49000,7,49000,Offline,49000,98000,NV23,2021,8,3,9,2021-08,2021-Q3
S0572,2023-12-24,Chocolate Freeze,S,2,39000,69000,12,69000,Offline,69000,138000,NV25,2023,12,4,24,2023-12,2023-Q4
S0573,2022-03-03,Green Tea Freeze,L,3,35000,45000,5,45000,Offline,45000,135000,NV19,2022,3,1,3,2022-03,2022-Q1
S0574,2021-03-17,Cookies & Cream,L,5,35000,69000,7,32550,Online,32550,162750,NV5,2021,3,1,17,2021-03,2021-Q1
S0575,2023-06-14,Chocolate Freeze,S,1,65000,49000,5,49000,Offline,49000,49000,NV44,2023,6,2,14,2023-06,2023-Q2
S0576,2023-09-06,Classic Phin Freeze,M,1,49000,49000,6,49000,Offline,49000,49000,NV32,2023,9,3,6,2023-09,2023-Q3
S0577,2021-12-23,Chocolate Freeze,S,3,65000,55000,10,55000,Offline,55000,165000,NV26,2021,12,4,23,2021-12,2021-Q4
S0578,2023-03-23,Caramel Phin Freeze,L,3,49000,65000,7,65000,Offline,65000,195000,NV43,2023,3,1,23,2023-03,2023-Q1
S0579,2022-02-26,Chocolate Freeze,S,2,55000,59000,9,59000,Offline,59000,118000,NV20,2022,2,1,26,2022-02,2022-Q1
S0580,2022-08-04,Mocha,S,2,29000,59000,9,26390,Online,26390,52780,NV20,2022,8,3,4,2022-08,2022-Q3
S0581,2021-11-10,Classic Phin Freeze,L,3,55000,55000,12,55000,Offline,55000,165000,NV31,2021,11,4,10,2021-11,2021-Q4
S0582,2022-09-02,Cookies & Cream,S,2,65000,59000,5,61750,Online,61750,123500,NV11,2022,9,3,2,2022-09,2022-Q3
S0583,2022-03-16,Mocha,L,3,55000,49000,7,49000,Offline,49000,147000,NV24,2022,3,1,16,2022-03,2022-Q1
S0584,2021-04-03,Iced Black Coffee,S,5,39000,59000,14,59000,Offline,59000,295000,NV2,2021,4,2,3,2021-04,2021-Q2
S0585,2022-01-22,Classic Phin Freeze,S,5,55000,65000,12,48400,Online,48400,242000,NV3,2022,1,1,22,2022-01,2022-Q1
S0586,2022-12-10,Cappuccino,L,1,49000,65000,7,45570,Online,45570,45570,NV6,2022,12,4,10,2022-12,2022-Q4
S0587,2021-12-31,Americano,M,2,59000,65000,5,65000,Offline,65000,130000,NV9,2021,12,4,31,2021-12,2021-Q4
S0588,2023-05-05,Chocolate Freeze,L,2,59000,49000,14,50740,Online,50740,101480,NV11,2023,5,2,5,2023-05,2023-Q2
S0589,2023-04-02,Caramel Phin Freeze,M,1,65000,29000,11,29000,Offline,29000,29000,NV42,2023,4,2,2,2023-04,2023-Q2
S0590,2021-10-23,Latte,M,3,75000,49000,13,49000,Offline,49000,147000,NV20,2021,10,4,23,2021-10,2021-Q4
S0591,2023-03-20,Americano,S,5,39000,59000,13,33930,Online,33930,169650,NV28,2023,3,1,20,2023-03,2023-Q1
S0592,2021-06-29,Latte,M,1,35000,69000,9,31850,Online,31850,31850,NV30,2021,6,2,29,2021-06,2021-Q2
S0593,2023-04-01,Cookies & Cream,S,3,59000,59000,7,54870,Online,54870,164610,NV15,2023,4,2,1,2023-04,2023-Q2
S0594,2022-12-11,Caramel Phin Freeze,S,2,59000,49000,11,49000,Offline,49000,98000,NV43,2022,12,4,11,2022-12,2022-Q4
S0595,2022-02-28,Caramel Phin Freeze,M,1,65000,65000,7,60450,Online,60450,60450,NV49,2022,2,1,28,2022-02,2022-Q1
S0596,2023-07-30,Caramel Phin Freeze,L,5,65000,65000,9,65000,Offline,65000,325000,NV48,2023,7,3,30,2023-07,2023-Q3
S0597,2023-03-20,Green Tea Freeze,M,4,29000,65000,5,27550,Online,27550,110200,NV40,2023,3,1,20,2023-03,2023-Q1
S0598,2021-09-28,Caramel Phin Freeze,L,2,65000,69000,5,69000,Offline,69000,138000,NV7,2021,9,3,28,2021-09,2021-Q3
S0599,2021-03-13,Americano,S,1,69000,59000,5,65550,Online,65550,65550,NV50,2021,3,1,13,2021-03,2021-Q1
S0600,2022-11-17,Chocolate Freeze,L,2,59000,49000,13,49000,Offline,49000,98000,NV30,2022,11,4,17,2022-11,2022-Q4
S0601,2021-09-02,Classic Phin Freeze,L,2,65000,59000,15,59000,Offline,59000,118000,NV49,2021,9,3,2,2021-09,2021-Q3
S0602,2023-12-01,Chocolate Freeze,M,2,65000,65000,9,65000,Offline,65000,130000,NV30,2023,12,4,1,2023-12,2023-Q4
S0603,2021-07-25,Green Tea Freeze,M,3,49000,65000,9,44590,Online,44590,133770,NV12,2021,7,3,25,2021-07,2021-Q3
S0604,2021-05-20,Chocolate Freeze,S,4,35000,59000,9,31850,Online,31850,127400,NV50,2021,5,2,20,2021-05,2021-Q2
S0605,2023-02-17,Latte,M,3,65000,59000,12,59000,Offline,59000,177000,NV13,2023,2,1,17,2023-02,2023-Q1
S0606,2023-09-04,Latte,S,4,55000,75000,7,51150,Online,51150,204600,NV2,2023,9,3,4,2023-09,2023-Q3
S0607,2021-08-21,Iced Black Coffee,S,1,49000,49000,11,43610,Online,43610,43610,NV10,2021,8,3,21,2021-08,2021-Q3
S0608,2022-08-06,Classic Phin Freeze,S,2,49000,59000,6,59000,Offline,59000,118000,NV47,2022,8,3,6,2022-08,2022-Q3
S0609,2021-08-26,Latte,S,2,49000,35000,14,35000,Offline,35000,70000,NV20,2021,8,3,26,2021-08,2021-Q3
S0610,2023-07-14,Cookies & Cream,M,3,65000,55000,11,55000,Offline,55000,165000,NV10,2023,7,3,14,2023-07,2023-Q3
S0611,2023-03-01,Cookies & Cream,M,2,45000,49000,10,40500,Online,40500,81000,NV50,2023,3,1,1,2023-03,2023-Q1
S0612,2021-08-22,Classic Phin Freeze,M,3,29000,59000,6,27260,Online,27260,81780,NV46,2021,8,3,22,2021-08,2021-Q3
S0613,2022-10-15,Cappuccino,M,1,59000,35000,13,35000,Offline,35000,35000,NV28,2022,10,4,15,2022-10,2022-Q4
S0614,2021-07-16,Americano,M,1,29000,69000,11,69000,Offline,69000,69000,NV1,2021,7,3,16,2021-07,2021-Q3
S0615,2022-06-04,Caramel Phin Freeze,M,4,49000,65000,8,45080,Online,45080,180320,NV22,2022,6,2,4,2022-06,2022-Q2
S0616,2021-10-03,Caramel Phin Freeze,M,1,65000,69000,12,57200,Online,57200,57200,NV45,2021,10,4,3,2021-10,2021-Q4
S0617,2022-12-24,Americano,L,2,29000,59000,8,26680,Online,26680,53360,NV50,2022,12,4,24,2022-12,2022-Q4
S0618,2022-02-19,Caramel Phin Freeze,L,1,59000,59000,12,51920,Online,51920,51920,NV13,2022,2,1,19,2022-02,2022-Q1
S0619,2023-04-08,Chocolate Freeze,M,1,55000,49000,13,47850,Online,47850,47850,NV27,2023,4,2,8,2023-04,2023-Q2
S0620,2021-06-10,Classic Phin Freeze,M,5,49000,59000,9,44590,Online,44590,222950,NV9,2021,6,2,10,2021-06,2021-Q2
S0621,2022-06-09,Caramel Phin Freeze,S,1,55000,69000,14,47300,Online,47300,47300,NV31,2022,6,2,9,2022-06,2022-Q2
S0622,2022-11-20,Chocolate Freeze,S,3,55000,59000,6,59000,Offline,59000,177000,NV16,2022,11,4,20,2022-11,2022-Q4
S0623,2023-04-19,Cappuccino,S,4,49000,39000,14,42140,Online,42140,168560,NV25,2023,4,2,19,2023-04,2023-Q2
S0624,2021-12-31,Cookies & Cream,S,3,65000,59000,6,61100,Online,61100,183300,NV9,2021,12,4,31,2021-12,2021-Q4
S0625,2021-05-05,Latte,S,4,65000,39000,15,55250,Online,55250,221000,NV47,2021,5,2,5,2021-05,2021-Q2
S0626,2022-04-22,Latte,L,2,39000,45000,15,45000,Offline,45000,90000,NV4,2022,4,2,22,2022-04,2022-Q2
S0627,2021-10-19,Cappuccino,L,5,65000,35000,11,35000,Offline,35000,175000,NV31,2021,10,4,19,2021-10,2021-Q4
S0628,2023-11-24,Classic Phin Freeze,L,2,69000,59000,9,59000,Offline,59000,118000,NV24,2023,11,4,24,2023-11,2023-Q4
S0629,2023-03-09,Cappuccino,L,2,49000,39000,9,39000,Offline,39000,78000,NV16,2023,3,1,9,2023-03,2023-Q1
S0630,2023-05-29,Mocha,M,4,29000,49000,9,49000,Offline,49000,196000,NV34,2023,5,2,29,2023-05,2023-Q2
S0631,2022-12-31,Classic Phin Freeze,S,3,65000,45000,6,45000,Offline,45000,135000,NV11,2022,12,4,31,2022-12,2022-Q4
S0632,2022-09-25,Classic Phin Freeze,S,2,59000,65000,5,65000,Offline,65000,130000,NV42,2022,9,3,25,2022-09,2022-Q3
S0633,2021-01-23,Chocolate Freeze,M,1,65000,59000,10,59000,Offline,59000,59000,NV23,2021,1,1,23,2021-01,2021-Q1
S0634,2023-06-10,Caramel Phin Freeze,L,2,49000,69000,15,69000,Offline,69000,138000,NV18,2023,6,2,10,2023-06,2023-Q2
S0635,2023-12-10,Mocha,M,1,59000,65000,11,65000,Offline,65000,65000,NV3,2023,12,4,10,2023-12,2023-Q4
S0636,2022-06-04,Green Tea Freeze,L,4,49000,39000,7,45570,Online,45570,182280,NV45,2022,6,2,4,2022-06,2022-Q2
S0637,2021-12-10,Chocolate Freeze,L,5,65000,29000,10,58500,Online,58500,292500,NV30,2021,12,4,10,2021-12,2021-Q4
S0638,2022-05-29,Cappuccino,S,5,75000,65000,6,65000,Offline,65000,325000,NV13,2022,5,2,29,2022-05,2022-Q2
S0639,2022-07-21,Cookies & Cream,S,4,59000,49000,11,49000,Offline,49000,196000,NV50,2022,7,3,21,2022-07,2022-Q3
S0640,2022-09-21,Chocolate Freeze,L,3,75000,65000,9,68250,Online,68250,204750,NV44,2022,9,3,21,2022-09,2022-Q3
S0641,2021-02-12,Mocha,M,1,29000,49000,8,49000,Offline,49000,49000,NV9,2021,2,1,12,2021-02,2021-Q1
S0642,2021-07-20,Cookies & Cream,L,1,55000,49000,14,47300,Online,47300,47300,NV12,2021,7,3,20,2021-07,2021-Q3
S0643,2021-08-20,Mocha,M,3,35000,49000,13,30450,Online,30450,91350,NV42,2021,8,3,20,2021-08,2021-Q3
S0644,2021-04-07,Latte,M,2,55000,39000,5,39000,Offline,39000,78000,NV32,2021,4,2,7,2021-04,2021-Q2
S0645,2023-05-28,Green Tea Freeze,S,3,65000,35000,7,35000,Offline,35000,105000,NV39,2023,5,2,28,2023-05,2023-Q2
S0646,2022-02-12,Caramel Phin Freeze,L,3,49000,59000,12,59000,Offline,59000,177000,NV26,2022,2,1,12,2022-02,2022-Q1
S0647,2023-01-31,Green Tea Freeze,L,2,49000,59000,15,59000,Offline,59000,118000,NV42,2023,1,1,31,2023-01,2023-Q1
S0648,2022-09-17,Chocolate Freeze,M,3,59000,55000,8,55000,Offline,55000,165000,NV2,2022,9,3,17,2022-09,2022-Q3
S0649,2022-05-08,Iced Black Coffee,L,4,59000,49000,11,49000,Offline,49000,196000,NV30,2022,5,2,8,2022-05,2022-Q2
S0650,2023-01-03,Latte,S,4,49000,55000,9,44590,Online,44590,178360,NV34,2023,1,1,3,2023-01,2023-Q1
S0651,2021-03-18,Latte,L,4,45000,39000,13,39000,Offline,39000,156000,NV2,2021,3,1,18,2021-03,2021-Q1
S0652,2021-05-01,Green Tea Freeze,M,5,59000,29000,5,56050,Online,56050,280250,NV40,2021,5,2,1,2021-05,2021-Q2
S0653,2022-02-08,Mocha,S,4,65000,65000,12,65000,Offline,65000,260000,NV6,2022,2,1,8,2022-02,2022-Q1
S0654,2021-01-23,Cookies & Cream,M,2,39000,59000,6,36660,Online,36660,73320,NV38,2021,1,1,23,2021-01,2021-Q1
S0655,2021-11-29,Caramel Phin Freeze,M,5,65000,49000,11,57850,Online,57850,289250,NV19,2021,11,4,29,2021-11,2021-Q4
S0656,2021-12-21,Cookies & Cream,M,2,29000,59000,9,59000,Offline,59000,118000,NV36,2021,12,4,21,2021-12,2021-Q4
S0657,2022-05-28,Cookies & Cream,S,4,49000,55000,12,55000,Offline,55000,220000,NV32,2022,5,2,28,2022-05,2022-Q2
S0658,2023-07-11,Mocha,L,2,29000,65000,6,27260,Online,27260,54520,NV25,2023,7,3,11,2023-07,2023-Q3
S0659,2021-11-22,Americano,L,5,65000,65000,13,56550,Online,56550,282750,NV6,2021,11,4,22,2021-11,2021-Q4
S0660,2022-07-08,Classic Phin Freeze,S,4,35000,59000,11,59000,Offline,59000,236000,NV46,2022,7,3,8,2022-07,2022-Q3
S0661,2023-05-01,Cookies & Cream,M,1,35000,49000,6,49000,Offline,49000,49000,NV35,2023,5,2,1,2023-05,2023-Q2
S0662,2022-10-25,Green Tea Freeze,M,1,75000,49000,11,66750,Online,66750,66750,NV42,2022,10,4,25,2022-10,2022-Q4
S0663,2021-01-14,Americano,S,3,35000,65000,11,65000,Offline,65000,195000,NV24,2021,1,1,14,2021-01,2021-Q1
S0664,2023-09-04,Iced Black Coffee,S,2,55000,59000,10,59000,Offline,59000,118000,NV39,2023,9,3,4,2023-09,2023-Q3
S0665,2023-06-19,Caramel Phin Freeze,S,3,49000,65000,6,65000,Offline,65000,195000,NV44,2023,6,2,19,2023-06,2023-Q2
S0666,2021-02-01,Cookies & Cream,M,3,55000,39000,15,39000,Offline,39000,117000,NV9,2021,2,1,1,2021-02,2021-Q1
S0667,2022-03-19,Mocha,L,5,35000,35000,7,35000,Offline,35000,175000,NV18,2022,3,1,19,2022-03,2022-Q1
S0668,2023-02-14,Americano,S,5,59000,59000,5,56050,Online,56050,280250,NV11,2023,2,1,14,2023-02,2023-Q1
S0669,2022-09-10,Cookies & Cream,M,2,35000,35000,10,35000,Offline,35000,70000,NV11,2022,9,3,10,2022-09,2022-Q3
S0670,2022-08-23,Green Tea Freeze,L,4,49000,29000,8,29000,Offline,29000,116000,NV34,2022,8,3,23,2022-08,2022-Q3
S0671,2022-05-12,Latte,S,5,49000,49000,14,42140,Online,42140,210700,NV36,2022,5,2,12,2022-05,2022-Q2
S0672,2021-02-07,Caramel Phin Freeze,S,4,55000,69000,14,47300,Online,47300,189200,NV33,2021,2,1,7,2021-02,2021-Q1
S0673,2021-06-20,Caramel Phin Freeze,L,3,55000,39000,12,39000,Offline,39000,117000,NV34,2021,6,2,20,2021-06,2021-Q2
S0674,2022-03-11,Green Tea Freeze,L,2,49000,45000,5,45000,Offline,45000,90000,NV36,2022,3,1,11,2022-03,2022-Q1
S0675,2021-05-31,Iced Black Coffee,L,4,65000,69000,15,69000,Offline,69000,276000,NV8,2021,5,2,31,2021-05,2021-Q2
S0676,2021-04-04,Mocha,L,1,65000,29000,15,55250,Online,55250,55250,NV50,2021,4,2,4,2021-04,2021-Q2
S0677,2022-01-06,Caramel Phin Freeze,M,5,29000,69000,5,27550,Online,27550,137750,NV1,2022,1,1,6,2022-01,2022-Q1
S0678,2022-12-15,Cookies & Cream,L,2,29000,65000,15,65000,Offline,65000,130000,NV16,2022,12,4,15,2022-12,2022-Q4
S0679,2023-02-10,Classic Phin Freeze,L,3,65000,59000,15,59000,Offline,59000,177000,NV24,2023,2,1,10,2023-02,2023-Q1
S0680,2021-01-26,Classic Phin Freeze,L,2,55000,49000,7,51150,Online,51150,102300,NV35,2021,1,1,26,2021-01,2021-Q1
S0681,2022-10-24,Americano,L,5,59000,55000,9,53690,Online,53690,268450,NV37,2022,10,4,24,2022-10,2022-Q4
S0682,2022-05-29,Cappuccino,S,2,65000,49000,12,49000,Offline,49000,98000,NV38,2022,5,2,29,2022-05,2022-Q2
S0683,2021-05-11,Iced Black Coffee,S,3,69000,59000,13,59000,Offline,59000,177000,NV36,2021,5,2,11,2021-05,2021-Q2
S0684,2021-02-23,Cappuccino,L,4,65000,59000,14,55900,Online,55900,223600,NV19,2021,2,1,23,2021-02,2021-Q1
S0685,2023-05-14,Green Tea Freeze,M,2,65000,49000,7,49000,Offline,49000,98000,NV17,2023,5,2,14,2023-05,2023-Q2
S0686,2021-06-16,Mocha,L,4,69000,59000,11,61410,Online,61410,245640,NV49,2021,6,2,16,2021-06,2021-Q2
S0687,2022-07-28,Classic Phin Freeze,S,1,65000,65000,13,65000,Offline,65000,65000,NV42,2022,7,3,28,2022-07,2022-Q3
S0688,2023-06-27,Cappuccino,S,5,59000,59000,12,51920,Online,51920,259600,NV28,2023,6,2,27,2023-06,2023-Q2
S0689,2022-10-08,Classic Phin Freeze,S,2,59000,69000,8,69000,Offline,69000,138000,NV10,2022,10,4,8,2022-10,2022-Q4
S0690,2022-03-29,Cookies & Cream,S,3,59000,65000,11,52510,Online,52510,157530,NV40,2022,3,1,29,2022-03,2022-Q1
S0691,2021-06-21,Cappuccino,S,2,45000,39000,13,39150,Online,39150,78300,NV45,2021,6,2,21,2021-06,2021-Q2
S0692,2021-04-18,Green Tea Freeze,M,3,65000,59000,6,61100,Online,61100,183300,NV22,2021,4,2,18,2021-04,2021-Q2
S0693,2023-09-23,Americano,S,5,69000,49000,10,62100,Online,62100,310500,NV7,2023,9,3,23,2023-09,2023-Q3
S0694,2023-09-02,Cookies & Cream,S,1,35000,65000,12,65000,Offline,65000,65000,NV40,2023,9,3,2,2023-09,2023-Q3
S0695,2022-03-29,Chocolate Freeze,S,3,65000,65000,7,60450,Online,60450,181350,NV1,2022,3,1,29,2022-03,2022-Q1
S0696,2023-10-19,Cookies & Cream,M,4,49000,49000,7,45570,Online,45570,182280,NV22,2023,10,4,19,2023-10,2023-Q4
S0697,2022-02-22,Iced Black Coffee,M,5,49000,35000,9,44590,Online,44590,222950,NV5,2022,2,1,22,2022-02,2022-Q1
S0698,2022-03-20,Americano,L,1,35000,69000,8,32200,Online,32200,32200,NV15,2022,3,1,20,2022-03,2022-Q1
S0699,2021-09-07,Iced Black Coffee,S,4,35000,49000,6,49000,Offline,49000,196000,NV49,2021,9,3,7,2021-09,2021-Q3
S0700,2022-03-12,Mocha,M,4,59000,59000,15,59000,Offline,59000,236000,NV10,2022,3,1,12,2022-03,2022-Q1
S0701,2021-01-02,Caramel Phin Freeze,L,2,65000,49000,6,61100,Online,61100,122200,NV42,2021,1,1,2,2021-01,2021-Q1
S0702,2023-06-24,Classic Phin Freeze,M,4,69000,49000,10,62100,Online,62100,248400,NV37,2023,6,2,24,2023-06,2023-Q2
S0703,2022-12-11,Caramel Phin Freeze,L,4,49000,59000,6,59000,Offline,59000,236000,NV6,2022,12,4,11,2022-12,2022-Q4
S0704,2022-04-23,Mocha,L,4,45000,59000,12,39600,Online,39600,158400,NV24,2022,4,2,23,2022-04,2022-Q2
S0705,2021-12-26,Mocha,S,3,59000,49000,6,49000,Offline,49000,147000,NV6,2021,12,4,26,2021-12,2021-Q4
S0706,2022-08-16,Americano,M,2,59000,65000,13,65000,Offline,65000,130000,NV48,2022,8,3,16,2022-08,2022-Q3
S0707,2023-09-12,Green Tea Freeze,L,4,65000,59000,7,60450,Online,60450,241800,NV46,2023,9,3,12,2023-09,2023-Q3
S0708,2021-11-05,Cappuccino,M,1,65000,75000,15,75000,Offline,75000,75000,NV34,2021,11,4,5,2021-11,2021-Q4
S0709,2021-06-23,Latte,S,1,65000,69000,8,69000,Offline,69000,69000,NV19,2021,6,2,23,2021-06,2021-Q2
S0710,2021-08-12,Cappuccino,L,5,35000,39000,6,32900,Online,32900,164500,NV47,2021,8,3,12,2021-08,2021-Q3
S0711,2023-09-29,Green Tea Freeze,M,5,65000,65000,10,58500,Online,58500,292500,NV29,2023,9,3,29,2023-09,2023-Q3
S0712,2023-06-18,Americano,S,3,65000,69000,8,59800,Online,59800,179400,NV44,2023,6,2,18,2023-06,2023-Q2
S0713,2023-03-09,Cappuccino,S,5,59000,39000,14,39000,Offline,39000,195000,NV38,2023,3,1,9,2023-03,2023-Q1
S0714,2021-09-21,Chocolate Freeze,S,3,49000,59000,7,45570,Online,45570,136710,NV31,2021,9,3,21,2021-09,2021-Q3
S0715,2022-05-27,Chocolate Freeze,S,1,35000,65000,10,65000,Offline,65000,65000,NV2,2022,5,2,27,2022-05,2022-Q2
S0716,2021-03-17,Americano,S,2,39000,49000,5,49000,Offline,49000,98000,NV5,2021,3,1,17,2021-03,2021-Q1
S0717,2022-12-15,Chocolate Freeze,L,1,65000,49000,6,61100,Online,61100,61100,NV31,2022,12,4,15,2022-12,2022-Q4
S0718,2023-02-05,Mocha,M,4,55000,49000,11,49000,Offline,49000,196000,NV11,2023,2,1,5,2023-02,2023-Q1
S0719,2022-03-23,Latte,M,4,55000,65000,5,65000,Offline,65000,260000,NV48,2022,3,1,23,2022-03,2022-Q1
S0720,2022-09-06,Chocolate Freeze,M,4,55000,65000,15,46750,Online,46750,187000,NV16,2022,9,3,6,2022-09,2022-Q3
S0721,2021-10-21,Iced Black Coffee,M,5,65000,69000,8,69000,Offline,69000,345000,NV41,2021,10,4,21,2021-10,2021-Q4
S0722,2021-01-14,Green Tea Freeze,M,4,49000,49000,12,43120,Online,43120,172480,NV8,2021,1,1,14,2021-01,2021-Q1
S0723,2023-11-11,Cappuccino,M,5,35000,35000,11,35000,Offline,35000,175000,NV29,2023,11,4,11,2023-11,2023-Q4
S0724,2021-09-10,Latte,S,1,39000,65000,12,34320,Online,34320,34320,NV38,2021,9,3,10,2021-09,2021-Q3
S0725,2021-06-18,Latte,S,5,65000,65000,15,65000,Offline,65000,325000,NV34,2021,6,2,18,2021-06,2021-Q2
S0726,2021-01-08,Americano,S,3,49000,65000,14,42140,Online,42140,126420,NV9,2021,1,1,8,2021-01,2021-Q1
S0727,2023-12-23,Cappuccino,L,3,55000,65000,7,65000,Offline,65000,195000,NV36,2023,12,4,23,2023-12,2023-Q4
S0728,2022-10-08,Caramel Phin Freeze,S,2,69000,29000,10,62100,Online,62100,124200,NV13,2022,10,4,8,2022-10,2022-Q4
S0729,2022-08-01,Mocha,L,4,65000,59000,15,55250,Online,55250,221000,NV49,2022,8,3,1,2022-08,2022-Q3
S0730,2023-02-27,Green Tea Freeze,S,5,45000,45000,6,42300,Online,42300,211500,NV4,2023,2,1,27,2023-02,2023-Q1
S0731,2021-04-15,Chocolate Freeze,M,5,49000,59000,6,59000,Offline,59000,295000,NV1,2021,4,2,15,2021-04,2021-Q2
S0732,2023-03-31,Cookies & Cream,M,5,75000,59000,13,65250,Online,65250,326250,NV10,2023,3,1,31,2023-03,2023-Q1
S0733,2022-06-28,Green Tea Freeze,L,1,65000,69000,13,56550,Online,56550,56550,NV6,2022,6,2,28,2022-06,2022-Q2
S0734,2021-11-30,Cookies & Cream,L,4,59000,55000,12,51920,Online,51920,207680,NV18,2021,11,4,30,2021-11,2021-Q4
S0735,2023-05-28,Caramel Phin Freeze,M,1,39000,35000,8,35000,Offline,35000,35000,NV1,2023,5,2,28,2023-05,2023-Q2
S0736,2023-11-09,Mocha,S,2,35000,49000,13,30450,Online,30450,60900,NV12,2023,11,4,9,2023-11,2023-Q4
S0737,2022-07-03,Chocolate Freeze,S,4,65000,65000,12,57200,Online,57200,228800,NV42,2022,7,3,3,2022-07,2022-Q3
S0738,2023-07-04,Cappuccino,L,5,59000,59000,7,54870,Online,54870,274350,NV38,2023,7,3,4,2023-07,2023-Q3
S0739,2023-06-30,Caramel Phin Freeze,L,5,35000,29000,7,29000,Offline,29000,145000,NV12,2023,6,2,30,2023-06,2023-Q2
S0740,2021-08-15,Classic Phin Freeze,M,4,59000,65000,12,65000,Offline,65000,260000,NV11,2021,8,3,15,2021-08,2021-Q3
S0741,2022-06-16,Cappuccino,L,5,49000,69000,5,46550,Online,46550,232750,NV38,2022,6,2,16,2022-06,2022-Q2
S0742,2022-09-23,Caramel Phin Freeze,M,2,59000,75000,5,56050,Online,56050,112100,NV15,2022,9,3,23,2022-09,2022-Q3
S0743,2023-02-04,Americano,M,2,59000,29000,5,29000,Offline,29000,58000,NV14,2023,2,1,4,2023-02,2023-Q1
S0744,2021-02-06,Mocha,S,1,69000,59000,11,59000,Offline,59000,59000,NV26,2021,2,1,6,2021-02,2021-Q1
S0745,2021-06-03,Mocha,M,4,59000,65000,10,53100,Online,53100,212400,NV15,2021,6,2,3,2021-06,2021-Q2
S0746,2023-04-17,Americano,M,3,39000,49000,11,49000,Offline,49000,147000,NV19,2023,4,2,17,2023-04,2023-Q2
S0747,2022-09-27,Mocha,L,1,49000,59000,11,43610,Online,43610,43610,NV27,2022,9,3,27,2022-09,2022-Q3
S0748,2021-06-25,Caramel Phin Freeze,M,2,65000,65000,5,65000,Offline,65000,130000,NV31,2021,6,2,25,2021-06,2021-Q2
S0749,2023-07-12,Cappuccino,L,1,69000,49000,15,58650,Online,58650,58650,NV19,2023,7,3,12,2023-07,2023-Q3
S0750,2022-05-14,Cappuccino,L,3,39000,65000,13,65000,Offline,65000,195000,NV27,2022,5,2,14,2022-05,2022-Q2
S0751,2022-03-24,Caramel Phin Freeze,M,1,49000,55000,10,55000,Offline,55000,55000,NV16,2022,3,1,24,2022-03,2022-Q1
S0752,2023-05-15,Cookies & Cream,M,4,65000,39000,6,61100,Online,61100,244400,NV5,2023,5,2,15,2023-05,2023-Q2
S0753,2021-02-22,Cookies & Cream,S,5,65000,49000,10,58500,Online,58500,292500,NV31,2021,2,1,22,2021-02,2021-Q1
S0754,2021-03-16,Chocolate Freeze,M,1,59000,69000,5,69000,Offline,69000,69000,NV22,2021,3,1,16,2021-03,2021-Q1
S0755,2023-08-11,Latte,S,2,69000,69000,10,62100,Online,62100,124200,NV12,2023,8,3,11,2023-08,2023-Q3
S0756,2021-03-01,Mocha,S,4,59000,29000,14,50740,Online,50740,202960,NV3,2021,3,1,1,2021-03,2021-Q1
S0757,2021-12-06,Americano,S,1,49000,39000,10,44100,Online,44100,44100,NV6,2021,12,4,6,2021-12,2021-Q4
S0758,2021-11-11,Latte,L,3,65000,49000,5,61750,Online,61750,185250,NV24,2021,11,4,11,2021-11,2021-Q4
S0759,2022-09-16,Iced Black Coffee,L,4,49000,49000,9,44590,Online,44590,178360,NV13,2022,9,3,16,2022-09,2022-Q3
S0760,2022-11-09,Green Tea Freeze,L,1,65000,65000,5,65000,Offline,65000,65000,NV26,2022,11,4,9,2022-11,2022-Q4
S0761,2022-11-06,Latte,M,4,49000,69000,13,42630,Online,42630,170520,NV9,2022,11,4,6,2022-11,2022-Q4
S0762,2021-07-04,Latte,L,5,39000,49000,7,49000,Offline,49000,245000,NV23,2021,7,3,4,2021-07,2021-Q3
S0763,2023-12-30,Classic Phin Freeze,L,4,49000,49000,14,49000,Offline,49000,196000,NV15,2023,12,4,30,2023-12,2023-Q4
S0764,2021-03-16,Caramel Phin Freeze,L,2,55000,49000,6,51700,Online,51700,103400,NV23,2021,3,1,16,2021-03,2021-Q1
S0765,2023-04-05,Classic Phin Freeze,M,1,69000,65000,8,65000,Offline,65000,65000,NV7,2023,4,2,5,2023-04,2023-Q2
S0766,2021-08-02,Iced Black Coffee,L,2,65000,75000,10,58500,Online,58500,117000,NV36,2021,8,3,2,2021-08,2021-Q3
S0767,2022-10-22,Mocha,M,1,55000,59000,5,52250,Online,52250,52250,NV3,2022,10,4,22,2022-10,2022-Q4
S0768,2021-12-26,Cappuccino,S,4,59000,65000,7,65000,Offline,65000,260000,NV23,2021,12,4,26,2021-12,2021-Q4
S0769,2021-05-08,Mocha,S,2,35000,59000,9,59000,Offline,59000,118000,NV19,2021,5,2,8,2021-05,2021-Q2
S0770,2022-01-07,Chocolate Freeze,S,2,59000,55000,11,52510,Online,52510,105020,NV4,2022,1,1,7,2022-01,2022-Q1
S0771,2022-11-17,Cappuccino,S,3,65000,59000,15,59000,Offline,59000,177000,NV46,2022,11,4,17,2022-11,2022-Q4
S0772,2022-03-25,Iced Black Coffee,L,5,55000,59000,6,51700,Online,51700,258500,NV30,2022,3,1,25,2022-03,2022-Q1
S0773,2022-05-16,Caramel Phin Freeze,M,5,49000,65000,13,65000,Offline,65000,325000,NV1,2022,5,2,16,2022-05,2022-Q2
S0774,2022-06-03,Chocolate Freeze,M,4,55000,59000,8,50600,Online,50600,202400,NV37,2022,6,2,3,2022-06,2022-Q2
S0775,2022-04-08,Green Tea Freeze,M,5,65000,35000,9,35000,Offline,35000,175000,NV27,2022,4,2,8,2022-04,2022-Q2
S0776,2021-08-17,Caramel Phin Freeze,M,2,59000,59000,7,54870,Online,54870,109740,NV14,2021,8,3,17,2021-08,2021-Q3
S0777,2022-09-05,Mocha,L,3,39000,59000,11,59000,Offline,59000,177000,NV14,2022,9,3,5,2022-09,2022-Q3
S0778,2022-10-21,Chocolate Freeze,S,4,49000,59000,12,43120,Online,43120,172480,NV50,2022,10,4,21,2022-10,2022-Q4
S0779,2022-12-14,Iced Black Coffee,L,2,65000,39000,10,58500,Online,58500,117000,NV3,2022,12,4,14,2022-12,2022-Q4
S0780,2021-05-29,Chocolate Freeze,S,3,69000,69000,13,69000,Offline,69000,207000,NV20,2021,5,2,29,2021-05,2021-Q2
S0781,2023-05-30,Iced Black Coffee,M,1,55000,39000,10,49500,Online,49500,49500,NV42,2023,5,2,30,2023-05,2023-Q2
S0782,2023-05-02,Green Tea Freeze,S,5,65000,65000,10,58500,Online,58500,292500,NV43,2023,5,2,2,2023-05,2023-Q2
S0783,2023-03-13,Chocolate Freeze,L,5,59000,49000,6,49000,Offline,49000,245000,NV34,2023,3,1,13,2023-03,2023-Q1
S0784,2022-02-05,Cookies & Cream,M,2,49000,59000,12,59000,Offline,59000,118000,NV47,2022,2,1,5,2022-02,2022-Q1
S0785,2021-02-19,Latte,M,1,49000,55000,9,55000,Offline,55000,55000,NV3,2021,2,1,19,2021-02,2021-Q1
S0786,2021-12-23,Chocolate Freeze,M,2,55000,59000,6,51700,Online,51700,103400,NV43,2021,12,4,23,2021-12,2021-Q4
S0787,2022-04-05,Chocolate Freeze,M,4,75000,49000,11,49000,Offline,49000,196000,NV41,2022,4,2,5,2022-04,2022-Q2
S0788,2023-02-01,Green Tea Freeze,M,4,69000,35000,11,35000,Offline,35000,140000,NV44,2023,2,1,1,2023-02,2023-Q1
S0789,2023-11-23,Cappuccino,L,3,49000,49000,15,49000,Offline,49000,147000,NV32,2023,11,4,23,2023-11,2023-Q4
S0790,2021-12-27,Iced Black Coffee,S,2,65000,59000,12,59000,Offline,59000,118000,NV32,2021,12,4,27,2021-12,2021-Q4
S0791,2021-10-09,Cappuccino,L,3,59000,39000,14,39000,Offline,39000,117000,NV9,2021,10,4,9,2021-10,2021-Q4
S0792,2023-07-01,Mocha,S,4,35000,55000,13,30450,Online,30450,121800,NV6,2023,7,3,1,2023-07,2023-Q3
S0793,2023-03-11,Green Tea Freeze,M,3,59000,39000,6,39000,Offline,39000,117000,NV21,2023,3,1,11,2023-03,2023-Q1
S0794,2023-09-25,Chocolate Freeze,M,3,49000,39000,14,42140,Online,42140,126420,NV42,2023,9,3,25,2023-09,2023-Q3
S0795,2021-08-31,Latte,S,3,69000,69000,11,69000,Offline,69000,207000,NV27,2021,8,3,31,2021-08,2021-Q3
S0796,2021-03-22,Mocha,M,3,55000,69000,6,69000,Offline,69000,207000,NV24,2021,3,1,22,2021-03,2021-Q1
